code,name,ind,price,dcf_n,dcf_o,dcf_up,np_,kf,py,ry,ocf,fcf,debt,gm,nm,roe,pb,pe_ttm,dy,fcap,quality,growth,value,health,ind_s,final
688331,荣昌生物,抗体,114.84,527.02,1155.19,358.92,46.62,43.38,1137.06,433.11,42.14,41.4,15.57,95.71,79.65,56.07,7.8,11.14,0.0,408.71,98.13,100.0,74.88,100.0,80,74.52
603986,兆易创新,集成电路设计,388.18,433.42,950.02,11.65,68.57,48.83,1091.5,178.67,60.48,51.03,11.47,63.13,59.53,18.39,7.31,34.46,0.19,2603.59,85.39,100.0,48.62,100.0,82,68.59
000792,盐湖股份,钾肥,24.74,64.27,140.87,159.78,61.69,60.01,137.88,79.88,62.82,56.52,14.07,71.39,55.55,12.92,2.74,10.86,0.0,1309.12,83.78,96.82,87.02,100.0,60,68.31
301308,江波龙,集成电路设计,346.96,1434.47,3144.25,313.44,105.77,100.47,71528.72,136.26,-31.51,-35.2,56.13,58.9,44.49,56.92,7.9,13.31,0.26,977.91,84.84,100.0,73.49,48.12,82,66.7
000426,兴业银锡,铅锌,35.47,57.92,126.96,63.29,22.63,18.16,184.42,73.13,21.13,17.09,38.02,68.75,54.26,19.61,5.46,19.86,0.59,629.65,89.59,95.0,73.58,87.5,58,65.65
002414,高德红外,军工电子,12.43,19.04,41.73,53.18,13.51,13.14,646.81,117.94,-0.68,-3.96,28.06,52.09,32.05,16.09,6.32,28.59,0.8,422.45,66.38,100.0,63.83,75.06,87,65.29
688525,XD佰维存,集成电路设计,216.88,904.2,1981.94,316.91,71.66,66.33,3273.48,298.1,-62.61,-67.4,61.64,54.81,45.89,56.43,8.05,12.54,0.29,1034.15,80.09,100.0,73.8,42.83,82,65.21
002466,天齐锂业,锂,42.76,41.89,91.83,-2.03,42.42,42.0,4925.46,153.32,22.12,11.32,28.46,64.39,56.83,8.77,1.52,15.85,0.0,631.08,71.58,100.0,76.16,96.68,62,64.81
600519,贵州茅台,白酒,1257.12,1363.05,2283.6,8.43,445.17,444.64,-1.95,1.47,706.91,698.59,15.19,89.56,50.75,17.72,6.25,19.3,4.14,15715.03,91.26,44.97,63.86,100.0,82,63.38
002602,世纪华通,游戏,14.69,21.7,45.63,47.72,45.03,43.03,69.51,28.53,44.97,39.86,26.27,72.69,20.71,13.16,3.16,14.53,0.95,998.45,72.33,68.0,83.33,98.78,70,62.96
002709,天赐材料,电池化学品,33.36,84.44,185.09,153.12,28.61,28.07,967.91,109.28,3.97,-1.68,36.22,33.55,19.35,14.1,3.35,17.2,1.34,503.41,48.95,100.0,80.98,79.23,78,62.47
001309,德明利,集成电路设计,413.09,1596.03,3498.38,286.36,60.17,59.66,5201.6,311.55,-67.36,-70.46,70.34,47.12,35.58,61.54,9.58,13.73,0.46,682.52,73.78,100.0,69.09,34.47,82,62.37
688111,金山办公,云软件服务,223.61,51.52,103.78,-76.96,25.18,24.87,236.94,24.69,6.43,6.43,27.79,84.9,75.99,16.7,6.88,28.77,0.56,1037.58,84.37,81.92,42.33,97.32,72,62.2
603605,珀莱雅,化妆品,55.83,54.48,91.27,-2.42,11.68,6.64,46.26,0.24,9.51,8.84,33.66,74.32,22.22,17.41,3.32,11.84,4.24,221.07,77.57,55.24,75.15,91.69,75,61.3
301536,星宸科技,集成电路设计,125.77,48.5,106.32,-61.44,8.63,7.12,619.5,89.43,3.7,3.4,44.09,55.36,32.54,22.24,13.66,50.45,0.71,235.43,79.72,99.4,16.16,81.67,82,60.89
002027,分众传媒,其他广告营销,4.66,6.69,11.21,43.56,31.28,22.91,17.39,-1.98,44.53,39.61,35.64,70.54,52.05,22.36,4.81,19.74,6.22,673.01,96.41,48.29,73.96,89.79,60,60.52
300223,君正股份,集成电路设计,142.97,104.74,229.59,-26.74,11.98,11.66,489.6,75.95,9.59,8.75,9.18,51.75,30.32,8.81,5.08,53.71,0.1,604.67,62.58,95.76,29.36,100.0,82,60.42
000408,藏格矿业,钾肥,72.16,20.56,40.63,-71.51,36.38,37.06,102.09,23.05,9.84,8.96,7.77,66.69,175.76,21.15,6.58,19.9,3.46,1132.12,87.41,73.68,50.86,100.0,60,60.38
688336,三生国健,抗体,40.48,18.78,42.25,-53.61,3.71,2.6,95.1,34.84,-0.66,-1.73,3.69,80.48,42.52,4.36,4.27,11.78,0.87,362.79,65.24,75.33,63.35,78.0,80,59.89
601872,招商轮船,航运,22.36,25.16,55.16,12.52,69.6,69.07,227.57,56.15,81.31,33.77,47.53,44.98,35.71,14.86,3.85,16.64,1.7,1805.47,68.38,90.41,72.78,78.37,60,59.87
000858,五粮液,白酒,70.0,77.75,149.76,11.07,87.53,84.83,89.3,20.87,-21.54,-25.85,34.62,80.29,31.66,7.39,2.29,20.77,7.37,2717.06,64.89,70.28,72.6,68.76,82,59.84
600961,株冶集团,铅锌,25.5,94.2,214.33,269.41,19.48,19.52,232.75,35.91,22.72,21.85,34.01,20.07,13.77,33.24,4.67,11.0,0.0,273.58,59.35,84.95,82.39,91.35,58,59.34
603259,药明康德,医疗研发外包,160.0,107.29,251.75,-32.94,110.8,105.72,29.43,38.93,96.99,67.38,27.85,53.91,38.5,13.3,5.73,22.4,1.28,3957.25,73.16,61.99,54.11,97.26,75,59.04
600989,宝丰能源,煤化工,23.59,43.35,95.0,83.76,97.28,92.1,70.14,32.33,119.64,73.61,41.84,43.56,32.21,17.62,3.13,11.26,3.53,1729.94,70.55,69.16,86.09,83.83,58,58.99
600938,中国海油,油气开采,32.3,90.6,166.29,180.5,858.18,857.33,23.42,16.88,1416.31,882.56,28.6,53.46,35.39,10.02,1.79,11.1,4.0,965.77,69.68,54.71,89.3,96.54,60,58.74
300502,新易盛,网络接配及塔设,445.0,15.21,33.34,-96.58,75.29,75.11,90.98,100.34,16.16,3.53,33.24,48.44,36.19,30.99,25.54,47.31,0.16,5583.52,79.85,89.77,18.93,92.09,72,58.66
688200,华峰测控,半导体设备,407.93,10.12,23.57,-97.52,4.16,2.43,112.6,38.17,1.07,0.42,18.51,74.7,56.15,5.68,11.23,108.44,0.2,820.42,70.22,80.08,10.0,100.0,90,58.62
600872,中炬高新,调味品,17.16,24.41,46.1,42.25,4.14,3.66,61.25,19.23,6.19,5.66,31.84,42.79,16.51,7.43,2.38,19.13,2.55,132.3,51.19,63.67,80.06,93.43,78,58.59
300308,中际旭创,网络接配及塔设,926.43,692.92,1518.83,-25.21,136.51,130.92,241.7,182.49,18.0,-30.02,36.08,46.25,35.27,34.25,25.92,53.35,0.23,10282.79,76.66,100.0,18.57,79.36,72,58.24
601899,紫金矿业,铜,31.41,50.5,91.44,60.78,391.7,380.35,68.17,15.78,554.72,425.29,49.55,37.75,25.65,19.03,4.14,12.35,2.54,6471.02,67.51,64.26,83.36,76.43,65,57.99
300009,安科生物,基因药物,8.16,3.34,5.6,-59.07,3.32,3.19,-9.33,-15.04,2.72,2.29,13.94,75.82,31.0,7.79,3.2,19.45,3.06,100.44,70.89,38.89,59.36,100.0,82,57.51
688117,圣诺生物,其他生物制药,24.05,9.21,20.19,-61.7,1.35,1.34,51.98,50.27,0.87,0.34,44.8,58.73,26.65,11.8,4.63,25.96,1.04,52.99,64.42,70.01,50.2,80.99,80,57.35
000568,泸州老窖,白酒,71.92,22.67,37.98,-68.48,43.39,42.91,-43.37,-36.35,20.82,13.68,28.67,85.35,41.8,9.49,2.31,14.1,8.03,1057.99,76.08,25.64,66.21,96.48,82,57.14
300604,长川科技,半导体设备,279.73,1.62,3.54,-99.42,9.64,9.22,125.67,59.72,3.33,0.17,52.77,55.48,27.82,17.12,31.44,96.67,0.07,1369.22,68.55,88.77,10.0,73.34,90,56.93
300760,迈瑞医疗,医疗设备,156.87,80.03,128.58,-48.98,47.97,47.85,-5.37,6.0,48.77,38.13,25.47,60.83,28.44,11.83,4.69,24.17,2.7,1899.17,69.78,45.44,51.84,99.55,80,56.76
002555,三七互娱,游戏,17.59,10.96,18.35,-37.69,17.66,10.16,26.14,-14.28,10.89,9.94,38.09,77.47,24.23,12.53,2.76,11.91,5.2,287.38,71.76,46.9,69.44,87.43,70,56.44
000089,深圳机场,机场,6.46,12.87,20.63,99.23,7.37,2.68,135.97,6.12,11.36,10.35,49.68,24.09,27.81,6.12,1.1,13.95,2.48,132.48,47.5,76.57,88.28,76.31,65,56.38
300059,东方财富,证券,18.37,103.4,250.9,462.87,80.64,77.27,44.85,44.48,303.14,301.0,80.54,86.21,353.76,8.19,2.95,19.93,0.54,2460.18,79.83,66.88,79.54,46.68,60,56.35
603993,洛阳钼业,钨钼,17.51,29.48,71.85,68.36,161.52,156.06,86.27,42.78,163.34,114.74,52.16,23.01,13.63,17.95,4.18,13.47,2.18,3057.39,49.74,75.53,82.27,73.93,68,56.26
002460,赣锋锂业,锂,46.2,133.53,292.69,189.03,42.57,38.48,901.36,175.75,13.28,-4.72,55.12,31.51,19.19,8.83,2.01,15.13,0.32,559.65,41.25,100.0,86.02,61.08,62,56.2
688012,中微公司,半导体设备,354.92,133.78,301.21,-62.31,28.25,11.23,300.22,34.89,6.85,-0.92,19.73,39.74,41.8,9.4,11.32,80.35,0.06,3344.05,58.81,84.67,10.0,90.0,90,55.92
601688,华泰证券,证券,18.33,503.38,1190.6,2646.21,116.92,117.02,54.87,45.86,788.32,782.55,84.0,58.29,49.46,5.41,0.93,8.06,3.16,1339.33,70.24,69.45,90.0,43.36,60,55.86
688008,澜起科技,集成电路设计,202.53,33.56,69.13,-83.43,19.97,13.22,72.33,26.66,13.28,10.73,7.51,65.31,58.2,9.28,11.5,80.42,0.29,2318.49,74.25,68.11,10.0,100.0,82,55.85
300957,贝泰妮,化妆品,31.59,23.29,38.77,-26.27,2.92,2.46,18.3,9.27,3.94,3.62,23.8,74.62,11.07,4.74,2.17,24.29,2.51,133.82,58.34,51.53,62.32,100.0,75,55.71
600150,中国船舶,航海装备,39.47,54.03,110.47,36.89,99.54,97.42,163.51,26.01,109.18,106.52,62.41,17.37,11.66,6.53,1.95,21.18,2.1,2970.36,34.32,82.27,78.22,64.09,82,55.58
600900,长江电力,水力发电,28.27,19.63,32.89,-30.56,147.56,142.94,13.02,3.36,241.28,196.94,59.36,57.89,39.64,6.83,3.2,19.11,3.54,6917.17,71.53,48.77,63.55,67.01,78,55.55
002297,博云新材,航空装备,22.03,17.87,39.17,-18.88,1.7,1.62,1911.6,88.33,-0.44,-0.6,34.15,44.4,23.25,7.4,5.5,56.46,0.0,126.25,46.64,99.1,27.5,69.22,88,55.52
601816,京沪高铁,铁路运输,4.75,5.16,8.64,8.63,67.71,67.71,7.21,3.94,106.85,103.42,20.94,45.36,31.31,3.23,1.11,17.05,2.01,2323.97,56.26,47.65,77.28,100.0,68,55.23
002606,大连电瓷,线缆部件及其他,12.68,7.66,17.23,-39.59,1.55,1.46,232.18,48.59,0.9,0.57,34.34,38.69,17.92,7.57,2.72,17.4,0.58,53.43,45.26,88.37,64.4,91.03,62,55.23
000538,云南白药,中药,51.05,53.09,88.95,4.0,37.01,35.18,1.88,2.95,41.06,38.84,25.56,30.06,16.89,9.03,2.22,17.44,5.13,910.8,46.38,46.21,74.28,99.46,80,55.09
002001,新和成,食品助剂,26.32,24.17,45.12,-8.17,40.11,39.19,11.31,18.28,36.4,22.7,24.96,44.22,30.68,11.5,2.32,11.28,3.8,799.3,61.45,52.42,76.4,100.0,58,54.75
601600,中国铝业,铝,9.35,37.08,60.47,296.58,118.71,116.5,67.91,7.74,262.63,227.17,42.76,26.94,17.14,14.05,1.9,9.18,4.52,1234.51,51.97,62.03,89.04,82.95,60,54.73
688072,拓荆科技,半导体设备,720.06,271.81,606.12,-62.25,13.43,3.67,1324.1,49.06,1.15,-1.06,47.85,41.0,45.35,10.56,16.46,96.72,0.09,2046.32,60.52,88.5,10.0,68.06,90,54.66
600026,中远海能,航运,22.07,9.47,20.24,-57.09,45.45,44.49,143.21,30.03,69.62,11.8,49.04,41.39,31.57,9.45,2.51,17.99,2.99,844.84,56.34,83.36,62.3,76.92,60,54.62
300012,华测检测,检测服务,14.53,10.44,18.92,-28.15,5.64,5.29,20.63,15.86,4.38,-0.84,22.0,49.38,16.57,6.97,3.02,21.97,1.37,208.06,45.72,53.82,61.95,90.0,85,54.55
002645,华宏科技,环保设备,18.27,28.28,61.99,54.79,3.43,3.41,330.3,77.13,4.84,3.54,38.8,13.66,6.7,7.91,3.17,29.44,0.46,124.28,31.0,96.08,70.64,86.75,65,54.53
002049,紫光国微,集成电路设计,61.28,23.68,41.38,-61.36,7.98,7.08,15.29,13.0,8.27,6.79,25.64,53.59,23.07,5.57,3.68,33.49,0.5,516.66,55.94,51.87,45.86,99.39,82,54.43
300750,宁德时代,锂电池,301.95,447.59,981.09,48.23,432.84,390.13,41.98,54.8,602.17,351.44,63.65,23.93,16.98,11.41,3.68,16.44,2.72,12864.89,44.94,69.03,80.51,62.9,75,54.41
688400,凌云光,其他专用设备,47.29,35.16,56.38,-25.65,6.56,1.26,583.26,6.09,-1.26,-2.63,21.54,40.67,45.09,8.36,2.89,31.17,0.18,224.98,55.78,76.89,54.66,78.0,68,54.29
000737,北方铜业,铜,14.4,17.84,39.11,23.89,13.96,13.81,186.61,69.33,10.75,5.65,62.36,12.72,6.44,17.66,3.47,16.14,0.97,274.25,38.34,93.97,76.41,64.13,65,54.27
601869,长飞光纤,光纤光缆,454.99,125.8,275.74,-72.35,29.25,24.49,888.88,53.64,18.26,11.55,47.95,53.36,32.48,17.87,23.02,109.42,0.3,1848.8,73.51,89.73,10.0,77.97,70,54.19
002266,浙富控股,固废治理,4.98,7.81,16.02,56.83,13.56,12.52,139.45,26.28,12.11,10.62,55.58,16.73,10.35,10.37,1.99,13.63,1.19,241.16,36.11,82.35,87.39,70.64,65,54.18
688235,百济神州,其他生物制药,256.0,134.07,276.7,-47.63,32.71,29.18,627.15,26.84,44.39,39.23,43.32,89.45,14.72,9.23,11.14,87.85,0.0,294.54,65.91,82.5,10.47,82.41,80,54.18
688019,安集科技,电子化学品,234.8,16.71,37.18,-92.88,5.32,4.26,41.56,33.72,3.2,0.86,17.16,55.63,34.84,10.98,11.03,57.05,0.16,536.18,66.34,63.25,10.36,100.0,85,54.13
601168,西部矿业,铜,36.03,65.15,131.3,80.82,41.69,42.11,123.03,24.74,83.49,-16.82,53.72,23.91,16.12,18.6,3.83,14.45,0.28,858.59,45.75,78.75,82.25,62.43,65,54.1
301095,广立微,集成电路设计,78.75,16.92,39.6,-78.51,0.35,0.05,121.73,38.68,1.05,0.7,15.39,60.4,8.62,1.11,5.02,146.34,0.25,137.42,47.26,82.22,21.55,100.0,82,53.99
300394,天孚通信,网络接配及塔设,284.66,19.5,35.03,-93.15,12.04,11.86,33.92,15.15,10.01,6.93,17.56,60.87,42.59,19.27,49.7,133.71,0.35,3098.21,84.35,56.55,10.0,100.0,72,53.97
000526,学大教育,教育培训,35.22,57.35,100.07,62.83,3.01,3.03,30.85,12.87,2.9,2.38,68.86,37.46,13.94,24.33,3.47,16.14,0.0,42.78,64.94,55.26,81.63,57.89,65,53.93
002738,中矿资源,锂,44.04,43.91,75.79,-0.3,11.11,10.83,1146.81,12.03,-2.27,-18.86,36.18,52.9,31.98,8.54,2.44,21.71,1.12,313.13,54.62,78.5,69.14,67.27,62,53.92
603027,千禾味业,调味品,7.28,7.08,11.33,-2.75,2.01,2.0,15.85,6.35,4.5,3.68,12.81,39.45,14.33,5.64,2.72,25.83,3.85,96.88,46.14,50.2,64.35,100.0,78,53.88
300438,鹏辉能源,锂电池,52.42,97.6,213.93,86.19,8.16,8.2,1025.39,155.27,1.69,-0.69,74.91,19.59,7.47,12.99,4.2,23.76,0.11,211.86,33.69,100.0,73.17,42.09,75,53.74
600018,上港集团,港口,5.36,4.04,6.74,-24.63,85.19,77.78,5.97,9.5,69.46,34.37,31.55,36.73,44.05,5.81,0.85,8.88,3.64,1247.72,55.68,48.88,75.07,93.71,65,53.69
002034,旺能环境,固废治理,14.38,17.91,30.0,24.55,4.13,4.3,8.31,-0.2,6.74,3.79,35.49,45.1,24.76,4.65,0.84,9.87,0.0,73.99,52.21,46.77,84.91,89.93,65,53.63
002415,海康威视,安防设备,32.94,5.45,9.41,-83.45,78.96,77.12,39.57,11.97,32.31,17.37,32.36,49.97,19.48,9.36,3.58,18.37,3.95,2979.78,52.83,56.94,59.4,92.93,72,53.61
600276,恒瑞医药,化学制剂,43.91,1.51,2.53,-96.56,44.65,37.3,0.34,-1.94,19.87,4.09,8.17,86.33,28.89,6.93,4.52,37.72,0.46,2801.02,64.99,44.55,40.12,100.0,78,53.57
601225,陕西煤业,动力煤,25.2,34.3,57.47,36.11,112.72,97.36,47.57,1.17,205.37,136.35,40.26,33.36,21.93,11.15,2.42,11.98,3.84,2443.14,54.41,55.78,85.01,85.35,58,53.51
600315,上海家化,洗护用品,17.89,14.35,23.79,-19.79,3.81,3.52,43.35,8.99,3.97,3.56,33.98,66.32,10.05,5.39,1.7,31.42,1.43,120.26,54.47,56.96,58.47,91.38,70,53.23
002223,鱼跃医疗,家用器械,26.21,27.77,46.52,5.95,8.43,7.61,-29.92,-1.92,11.82,11.32,20.42,49.8,18.56,6.32,1.97,23.24,4.6,244.92,54.43,37.9,70.17,100.0,72,53.21
603288,海天味业,调味品,33.85,3.04,4.88,-91.02,41.9,39.6,7.13,6.01,12.24,6.88,15.99,41.04,25.95,10.72,5.07,27.07,3.25,1882.0,53.75,48.19,48.17,100.0,78,52.9
001965,招商公路,高速公路,9.92,8.96,18.5,-9.68,26.05,25.86,4.05,26.86,27.52,15.69,43.29,24.76,40.43,3.43,0.98,14.31,3.76,674.07,48.31,53.14,76.03,82.44,70,52.9
301219,腾远钴业,钴,41.41,138.47,303.51,234.39,8.81,8.5,87.82,72.36,-2.05,-6.77,31.11,25.82,14.28,8.88,1.6,10.41,2.58,113.15,31.7,83.86,89.76,72.13,60,52.87
000963,华东医药,化学制剂,26.1,24.77,41.5,-5.1,18.61,18.58,2.53,1.81,24.99,17.81,35.51,32.8,8.34,7.31,1.8,13.23,3.56,457.54,39.94,46.05,77.18,89.91,78,52.71
002812,恩捷股份,电池化学品,48.58,35.88,78.66,-26.14,8.2,8.49,980.99,50.47,11.62,5.85,44.18,29.89,11.0,3.15,1.83,45.15,0.84,399.62,33.69,88.88,44.81,81.59,78,52.68
600521,华海药业,化学制剂,16.14,6.76,11.18,-58.12,7.71,4.26,88.26,8.78,10.98,3.76,54.23,58.41,15.61,7.88,2.53,38.49,0.62,241.66,54.36,66.79,44.22,71.94,78,52.53
300661,圣邦股份,集成电路设计,125.13,16.04,39.06,-87.18,4.2,3.56,109.28,42.7,3.82,2.03,16.64,51.84,16.25,4.3,8.67,111.92,0.14,753.14,47.28,80.57,12.79,100.0,82,52.5
300054,鼎龙股份,电子化学品,72.58,8.2,13.99,-88.7,5.29,4.85,70.21,11.15,5.67,2.77,38.82,58.83,29.26,9.38,12.3,73.81,0.14,540.31,64.76,63.46,10.0,86.73,85,52.44
601877,正泰电器,配电设备,25.26,233.79,491.32,825.53,31.3,27.01,22.23,28.46,131.82,125.42,64.67,23.52,10.7,6.8,1.18,10.71,2.55,542.83,37.78,57.57,90.0,61.92,75,52.35
300037,新宙邦,电池化学品,73.13,36.28,79.52,-50.39,9.84,9.69,103.33,75.66,11.27,4.55,50.16,23.91,13.37,8.59,4.92,34.52,1.09,399.86,37.29,88.16,41.97,75.85,78,52.35
603267,鸿远电子,军工电子,50.9,5.15,8.63,-89.88,2.19,1.07,19.26,-9.32,0.66,0.49,13.23,43.35,23.57,4.78,2.57,41.22,0.49,117.62,46.65,46.72,41.72,100.0,87,52.25
600489,中金黄金,黄金,24.05,2.29,4.51,-90.48,43.57,43.16,61.67,22.57,16.41,3.12,46.58,20.67,11.82,13.41,3.59,17.68,1.9,1165.78,38.25,64.66,59.99,79.28,80,52.2
300418,昆仑万维,游戏,43.79,45.23,111.04,3.29,10.88,-4.58,227.17,43.55,-4.67,-5.84,23.63,65.58,12.6,7.35,3.8,160.4,0.0,514.3,49.18,87.01,35.14,78.0,70,52.17
002422,科伦药业,化学制剂,39.77,25.55,42.81,-35.76,11.28,6.99,12.71,-2.7,23.41,16.67,28.11,47.57,16.14,4.58,2.57,34.59,1.49,516.44,49.83,47.07,50.4,97.01,78,51.91
301071,力量钻石,非金属材料,71.1,1.97,4.31,-97.23,0.9,0.63,247.61,80.94,2.07,0.08,19.51,34.44,20.57,1.69,3.4,104.29,0.56,132.99,36.1,97.1,25.44,100.0,70,51.86
600031,三一重工,工程机械整机,17.89,32.0,60.79,78.87,56.9,46.82,9.13,19.7,97.68,86.51,48.55,27.78,10.74,6.18,1.79,18.52,1.0,1516.07,39.08,52.33,83.57,77.39,72,51.81
603659,璞泰来,电池化学品,22.27,35.6,86.7,59.86,14.52,13.12,37.58,42.7,17.99,-5.34,58.14,26.32,15.93,6.78,2.23,17.33,1.01,477.51,32.82,64.8,83.56,58.19,78,51.81
002847,盐津铺子,零食,42.45,30.44,50.56,-28.29,4.25,3.9,14.1,4.41,5.87,3.34,49.55,32.22,13.82,20.24,5.46,14.32,3.31,103.52,57.43,49.29,62.8,76.43,70,51.75
600497,驰宏锌锗,铅锌,9.56,13.49,29.07,41.11,15.9,16.96,70.58,30.78,22.75,16.22,25.93,22.04,11.45,8.95,2.71,28.46,0.73,481.86,39.02,68.84,70.83,99.11,58,51.71
300073,当升科技,电池化学品,38.91,57.53,126.1,47.85,5.2,4.63,67.25,136.33,0.86,-17.25,42.48,13.25,5.5,3.45,1.41,25.16,0.73,196.87,13.75,84.55,77.99,73.22,78,51.62
600323,瀚蓝环境,固废治理,28.93,40.68,90.98,40.62,12.06,11.8,24.76,34.25,16.32,7.4,69.44,36.32,18.93,7.94,1.55,10.66,3.73,235.88,46.66,59.69,88.0,57.34,65,51.61
002372,伟星新材,管材,8.08,4.51,7.56,-44.18,3.9,2.15,43.9,-8.71,4.07,2.94,22.85,41.7,20.56,8.27,2.73,14.96,4.28,118.78,51.43,52.31,65.61,100.0,60,51.54
002925,盈趣科技,消费电子组件,24.55,21.98,52.24,-10.47,3.38,1.38,145.09,40.21,1.31,-1.3,39.62,28.47,13.76,6.46,3.62,24.38,0.93,179.48,32.05,86.11,61.92,75.96,68,51.54
600085,同仁堂,中药,23.22,28.75,48.17,23.82,7.26,7.13,-23.19,-14.23,17.28,16.17,29.35,42.37,11.16,5.33,2.34,32.83,2.15,318.46,45.26,36.06,64.42,95.82,80,51.52
300866,安克创新,品牌消费电子,126.99,42.33,89.55,-66.67,17.02,14.39,45.86,29.05,7.23,6.05,47.58,49.82,10.51,14.68,5.88,24.3,1.85,394.51,54.57,62.93,48.66,78.32,70,51.48
002557,洽洽食品,零食,17.99,1.2,2.49,-93.33,2.46,2.02,177.38,27.39,1.0,0.15,44.04,25.87,6.95,4.83,1.82,19.13,5.46,90.72,27.45,82.65,62.96,81.72,70,51.2
600563,法拉电子,被动元件,124.46,66.05,111.87,-46.93,5.82,5.73,2.23,10.58,8.25,5.31,29.02,33.1,21.06,9.55,4.6,23.24,1.85,280.04,50.13,48.35,53.28,96.14,72,51.17
600549,厦门钨业,钨钼,50.49,83.41,182.83,65.2,22.01,20.55,127.04,81.7,-24.63,-33.8,59.17,21.83,9.07,11.78,4.29,22.64,1.62,784.58,29.96,95.01,73.94,45.2,68,51.06
603338,浙江鼎力,工程机械整机,54.14,7.55,15.23,-86.05,9.9,9.65,-5.95,24.86,3.15,1.02,35.05,32.97,18.29,8.4,2.33,14.93,2.12,274.14,42.17,50.4,65.43,90.35,72,50.93
688630,芯碁微装,其他专用设备,439.83,109.08,239.1,-75.2,2.81,2.77,98.13,68.95,2.92,2.59,19.11,43.04,25.46,5.35,12.11,150.1,0.14,579.44,52.51,85.21,10.0,100.0,68,50.86
002294,信立泰,化学制剂,30.4,0.28,0.51,-99.08,3.87,4.01,6.03,16.34,4.66,0.1,21.52,75.09,15.75,4.52,3.96,50.32,1.81,338.83,53.83,50.74,30.37,100.0,78,50.82
600885,宏发股份,输变电设备,34.08,32.08,70.09,-5.87,11.56,11.02,19.89,32.05,1.14,-6.24,34.33,32.68,13.75,8.75,3.99,27.06,1.02,527.42,35.87,58.03,59.6,81.04,80,50.79
688018,乐鑫科技,集成电路设计,112.11,47.24,88.85,-57.86,3.34,3.12,27.93,18.88,0.72,-0.07,10.27,49.32,22.64,7.1,5.58,46.03,0.32,262.77,50.25,56.24,30.26,90.0,82,50.77
002801,微光股份,电机制造,26.52,6.9,11.56,-73.98,1.97,1.1,14.42,9.78,1.02,0.58,19.58,25.42,23.95,9.77,3.02,15.64,1.87,30.71,44.76,50.81,63.15,100.0,65,50.66
301377,鼎泰高科,金属制品,408.89,97.49,213.69,-76.16,6.79,6.7,325.12,114.85,-0.45,-7.99,51.65,55.92,34.9,21.74,53.87,181.94,0.46,404.23,73.65,100.0,10.0,52.42,58,50.59
300408,三环集团,被动元件,130.96,24.82,54.41,-81.05,19.32,18.09,56.18,54.82,12.97,8.21,20.36,44.32,30.08,8.53,11.08,78.92,0.33,2448.7,56.73,72.16,10.0,100.0,72,50.59
601006,大秦铁路,铁路运输,4.7,6.79,10.87,44.47,42.55,42.43,3.4,6.2,71.92,52.84,15.88,12.94,12.05,2.58,0.57,15.46,4.72,933.56,28.49,47.42,85.85,100.0,68,50.55
002236,大华股份,安防设备,15.74,20.16,33.9,28.08,23.83,19.44,-3.74,10.03,-11.07,-14.21,28.08,43.06,14.66,6.1,1.32,13.67,5.45,376.37,37.83,46.89,84.15,75.04,72,50.54
300450,先导智能,锂电设备,32.53,86.82,173.24,166.89,9.56,9.26,29.15,23.88,40.85,39.05,63.99,31.95,11.32,5.31,3.03,30.6,0.88,507.28,40.38,57.86,69.96,62.57,76,50.42
002074,国轩高科,锂电池,26.14,40.55,99.24,55.13,13.86,1.07,278.05,43.22,4.28,-93.51,71.73,15.6,5.11,4.6,1.57,13.94,0.38,453.96,16.01,86.92,88.12,45.14,75,50.38
300497,富祥股份,原料药,21.38,19.77,43.32,-7.53,1.77,1.75,2660.26,72.59,0.69,-0.2,49.18,39.2,19.38,7.49,4.87,89.39,0.23,97.55,43.39,94.85,30.41,66.79,70,50.38
605090,九丰能源,燃气,32.67,47.23,79.13,44.57,9.5,8.93,10.4,-7.6,17.58,13.68,29.63,14.95,9.97,7.72,1.88,14.71,1.38,230.61,34.36,45.24,85.62,95.56,65,50.3
301021,英诺激光,激光设备,93.0,13.17,24.81,-85.84,0.35,0.29,314.55,19.02,0.73,0.61,17.03,46.39,13.11,3.33,13.52,189.57,0.11,142.0,45.94,80.39,10.0,100.0,75,50.26
600258,首旅酒店,酒店,11.35,26.89,45.05,136.92,4.41,3.68,10.98,-2.22,14.62,12.31,48.94,40.27,13.38,3.67,1.06,14.83,3.96,126.73,43.6,46.82,87.51,77.02,62,50.22
688396,华润微,功率半导体,60.79,19.51,36.05,-67.91,7.22,4.14,113.23,17.44,13.91,8.05,18.14,26.62,10.88,3.08,3.44,77.33,0.18,807.42,34.38,74.62,25.34,100.0,80,50.18
000960,锡业股份,其他金属,33.6,66.68,147.01,98.45,15.04,19.46,41.6,49.68,21.8,18.34,43.92,11.24,5.05,6.69,2.58,22.96,1.07,552.87,28.41,67.57,77.76,81.84,65,50.04
600377,宁沪高速,高速公路,12.66,13.08,21.92,3.32,25.03,24.88,3.28,-1.2,36.03,-5.44,45.64,34.6,28.14,6.03,1.54,13.65,5.85,481.36,44.08,45.4,79.12,70.19,70,49.99
300442,润泽科技,云基础设施服务,63.29,44.13,96.72,-30.27,12.03,12.06,36.43,50.05,29.58,-17.12,64.91,46.58,32.69,8.3,7.17,19.34,1.06,1035.57,51.75,66.53,53.88,51.69,72,49.92
600436,片仔癀,中药,118.31,50.18,84.07,-57.59,10.93,10.55,-24.22,-14.98,16.25,12.41,18.18,39.83,23.73,7.48,4.89,39.45,2.23,713.78,53.79,35.63,37.71,100.0,80,49.92
601857,中国石油,油气开采,10.56,19.54,31.82,85.04,1039.34,1055.33,22.03,5.34,2512.81,1388.07,38.88,21.87,7.54,6.34,1.18,10.98,4.83,17098.97,34.55,51.29,90.0,86.68,60,49.9
600685,中船防务,航海装备,28.78,125.98,209.82,337.73,8.37,7.82,58.94,9.31,52.53,50.45,62.9,10.7,8.44,4.41,2.14,30.85,0.82,236.41,27.45,60.48,71.88,63.62,82,49.8
603197,保隆科技,汽车电子电气系统,28.97,40.6,76.1,40.14,2.64,1.38,95.79,18.59,1.77,-1.59,70.55,22.47,6.19,7.83,1.87,18.14,1.97,61.17,24.99,71.09,81.74,46.27,78,49.68
301292,海科新源,电池化学品,61.49,102.14,245.45,66.11,4.15,4.1,1068.08,45.0,-0.99,-1.67,62.78,20.91,12.82,13.39,4.42,49.46,0.0,52.38,36.1,87.4,50.03,41.73,78,49.65
600176,中国巨石,玻纤制造,45.02,2.4,4.71,-94.67,29.33,29.08,73.87,22.5,24.24,2.69,39.87,42.14,27.14,8.85,5.44,39.77,1.15,1788.01,52.31,67.33,36.11,85.72,65,49.58
600233,圆通速递,快递,18.33,3.72,6.12,-79.71,31.75,31.23,73.44,8.39,39.59,4.76,33.11,12.04,8.1,8.55,1.69,11.08,2.02,627.82,26.55,63.42,69.54,92.21,68,49.56
600183,生益科技,PCB,143.93,27.21,59.65,-81.09,32.87,29.08,130.42,50.05,29.83,10.99,50.33,30.69,19.54,17.77,18.9,67.3,0.56,3471.23,54.46,87.21,10.0,75.68,70,49.55
600887,伊利股份,乳制品,26.6,32.7,54.62,22.93,57.59,55.96,-20.02,4.13,97.59,84.55,63.56,36.43,8.59,10.72,3.13,16.62,5.19,1674.19,47.36,41.71,76.61,62.98,72,49.46
300014,亿纬锂能,锂电池,51.56,91.4,200.34,77.27,33.01,24.51,105.66,62.2,-3.88,-57.31,63.6,14.31,7.33,6.58,2.23,19.22,0.9,1089.45,19.11,85.04,81.89,40.94,75,49.44
601360,三六零,基础软件,8.77,0.83,1.38,-90.54,2.16,1.53,176.54,9.01,-0.57,-1.81,22.81,69.66,5.01,0.76,2.17,80.72,1.71,613.86,37.08,77.68,28.39,78.0,80,49.42
300607,拓斯达,机器人,33.6,7.23,13.56,-78.48,1.04,0.87,262.99,18.61,1.47,1.05,47.54,31.12,8.23,3.51,5.41,107.25,0.09,115.98,34.82,80.27,20.62,78.36,85,49.4
600196,复星医药,化学制剂,22.03,17.12,28.23,-22.29,17.21,11.44,1.15,4.75,24.24,-0.05,49.45,49.67,10.51,3.53,1.21,17.35,1.75,466.7,38.97,46.54,70.83,66.53,78,49.32
002967,广电计量,检测服务,17.12,5.72,10.13,-66.59,1.22,1.04,25.16,14.03,1.23,-1.07,34.52,43.57,6.96,2.49,2.22,24.39,1.97,103.82,27.9,54.32,57.37,80.86,85,49.3
600406,国电南瑞,电网自动化,22.05,2.23,3.98,-89.89,30.73,29.25,4.08,14.54,5.91,5.91,40.42,25.34,11.7,5.9,3.4,21.08,2.84,1765.8,32.12,49.82,57.45,85.2,82,49.28
600295,鄂尔多斯,冶钢辅料,13.21,14.43,23.24,9.24,14.16,13.4,43.19,5.88,18.75,14.32,43.6,24.05,13.78,6.62,1.73,13.25,5.3,260.97,38.52,56.09,80.2,82.14,58,49.21
300373,扬杰科技,功率半导体,93.23,59.34,127.79,-36.35,7.71,7.24,28.18,30.69,4.99,-0.5,40.61,35.72,16.77,7.69,5.06,35.47,0.54,505.44,40.71,59.49,43.53,75.01,80,49.17
001389,广合科技,PCB,169.03,127.23,278.87,-24.73,9.56,9.39,94.39,80.98,9.37,-8.49,38.6,39.27,21.78,12.06,10.07,54.0,0.38,257.55,46.23,87.63,18.09,76.94,70,49.15
603588,高能环境,固废治理,16.14,40.36,88.47,150.06,10.22,9.71,103.37,54.02,-6.07,-8.33,61.49,20.81,11.8,9.8,2.36,18.11,1.46,245.85,28.75,82.33,82.56,42.97,65,49.15
688041,海光信息,集成电路设计,241.38,46.56,102.05,-80.71,17.98,16.31,49.69,66.52,-4.28,-13.42,19.2,55.21,22.69,7.09,22.11,178.57,0.1,5610.49,48.72,73.89,10.0,78.0,82,49.14
601728,中国电信,电信运营服务,6.19,9.63,16.13,55.57,195.88,174.9,-14.9,-3.86,603.75,340.16,45.81,29.76,7.52,4.15,1.2,19.04,4.06,4805.28,35.66,40.68,83.8,80.02,70,49.14
601882,海天精工,机床制造,22.8,3.15,6.04,-86.18,2.83,2.19,19.38,20.55,1.74,0.48,46.51,25.78,14.12,9.2,3.87,25.06,1.32,119.02,37.6,54.81,52.82,79.35,78,49.09
600426,华鲁恒升,煤化工,19.47,10.17,16.84,-47.77,23.53,23.46,49.98,8.87,26.92,10.36,27.47,24.1,14.82,6.74,1.53,13.06,2.32,535.34,35.89,58.39,69.44,97.63,58,49.08
300236,上海新阳,电子化学品,92.0,30.15,67.03,-67.23,2.13,2.05,59.96,33.67,1.86,-1.42,23.22,42.29,17.8,3.12,4.22,75.75,0.52,256.4,35.35,67.28,23.47,90.0,85,49.06
688082,盛美上海,半导体设备,292.77,60.99,107.79,-79.17,9.89,5.71,42.14,13.87,0.88,-5.81,29.55,46.86,26.59,6.77,9.67,84.11,0.21,1411.83,47.66,58.02,10.39,85.63,90,49.03
603345,安井食品,预加工食品,79.48,8.32,16.21,-89.53,8.22,7.53,21.62,21.85,4.85,0.76,21.18,21.24,8.94,5.19,1.67,17.6,3.98,233.11,27.06,55.66,64.66,100.0,70,49.0
600111,北方稀土,稀土,36.86,8.77,20.14,-76.21,20.53,20.51,120.46,36.75,12.08,6.75,36.98,15.03,9.67,7.82,5.08,39.5,0.35,1332.51,29.11,81.42,37.21,88.5,72,48.87
000100,TCL科技,面板,4.99,7.57,12.68,51.7,38.08,31.4,102.19,3.61,176.22,68.12,65.05,12.87,2.53,5.99,1.66,17.0,1.71,1003.74,26.83,68.46,85.22,61.55,65,48.84
688981,中芯国际,半导体制造,122.0,6.53,12.36,-94.65,44.67,29.94,94.16,19.44,207.6,10.35,33.82,23.16,16.67,2.61,6.09,144.94,0.0,2440.72,30.34,70.96,18.98,91.53,88,48.77
688778,厦钨新能,电池化学品,45.22,58.56,128.35,29.5,4.91,4.88,46.62,91.09,2.83,-0.72,61.35,8.29,3.49,5.16,2.4,25.05,1.32,228.22,16.16,79.85,72.26,55.1,78,48.75
002120,韵达股份,快递,6.97,5.39,8.63,-22.67,9.98,9.31,88.82,6.47,16.27,6.08,41.88,8.35,3.79,4.65,0.96,12.31,2.86,196.21,20.28,66.29,75.19,83.8,68,48.63
600486,扬农化工,农药,52.4,70.99,114.11,35.48,7.9,7.88,-1.99,5.97,14.39,11.28,36.04,23.01,11.96,6.61,1.77,16.67,1.82,211.75,38.06,46.17,82.34,89.4,58,48.6
601018,宁波港,港口,3.42,3.82,6.66,11.7,25.43,23.64,-2.12,12.76,18.2,-6.32,26.78,28.2,16.71,3.12,0.81,13.01,3.54,665.34,30.5,47.98,81.45,88.29,65,48.6
000333,美的集团,空调,84.4,111.51,186.82,32.12,264.46,195.95,1.66,3.55,375.52,349.18,64.89,25.26,10.22,12.42,3.03,14.48,5.0,5811.28,45.06,46.32,80.57,61.71,65,48.59
002979,雷赛智能,工业控制设备,55.18,2.77,6.56,-94.98,1.94,1.88,62.79,39.92,0.43,0.18,39.15,39.15,15.95,9.48,8.52,58.12,0.45,123.65,44.93,69.59,13.15,86.42,80,48.53
600004,白云机场,机场,7.63,12.79,21.2,67.63,4.27,4.09,-43.13,8.95,17.42,12.19,31.01,21.32,11.25,2.06,0.95,17.18,3.74,180.58,31.37,37.93,85.44,94.23,65,48.38
601100,恒立液压,工程机械零件,92.2,32.38,70.82,-64.88,14.36,13.77,0.5,32.13,12.54,10.1,24.47,39.27,21.06,8.02,6.9,45.1,0.93,1236.24,49.97,53.79,27.91,100.0,70,48.37
688388,嘉元科技,锂电池,30.88,34.85,76.39,12.86,3.82,1.82,940.0,89.57,1.64,-2.27,45.25,6.29,5.17,4.58,2.44,50.63,0.1,203.78,12.82,99.43,46.32,70.56,75,48.37
300454,深信服,基础软件,143.06,23.37,51.5,-83.66,2.31,1.79,201.58,32.85,-4.76,-5.72,30.07,60.89,5.78,2.09,5.57,72.49,0.08,412.01,34.95,84.12,20.23,73.13,80,48.34
002008,大族激光,激光设备,99.6,75.27,164.98,-24.43,12.88,14.09,163.84,76.19,-6.83,-11.06,46.5,34.94,11.79,6.0,4.78,51.54,0.2,952.9,30.91,95.82,32.45,57.36,75,48.33
000630,铜陵有色,铜,6.09,13.43,29.43,120.53,29.93,30.71,107.93,59.98,0.54,-43.51,56.31,9.28,3.37,7.86,2.15,20.58,1.81,678.61,15.88,84.94,80.89,59.94,65,48.33
300327,中颖电子,集成电路设计,25.42,5.1,8.66,-79.94,0.71,0.47,72.9,10.76,1.23,0.62,16.55,30.28,7.25,3.86,4.72,96.31,0.39,86.13,33.44,63.94,22.27,100.0,82,48.32
300748,金力永磁,磁性材料,25.36,35.25,77.45,39.0,4.62,3.99,51.58,32.57,12.06,10.31,51.8,21.73,9.96,5.91,4.57,40.62,1.85,287.05,35.41,65.14,55.25,74.27,70,48.31
000997,新大陆,其他IT设备,19.57,35.88,87.46,83.34,6.9,5.84,15.85,42.82,-10.58,-10.93,48.96,28.18,13.69,8.97,2.58,17.94,1.26,197.16,32.39,60.05,82.18,55.0,68,48.26
688548,广钢气体,电子化学品,32.9,6.52,12.38,-80.18,2.56,2.29,117.72,19.62,3.61,-3.71,33.61,35.38,19.33,4.14,7.02,102.37,0.42,434.08,33.41,76.2,16.75,81.73,85,48.26
300346,南大光电,电子化学品,56.0,8.41,14.4,-84.98,2.56,2.21,23.1,11.35,2.99,2.05,35.47,40.55,22.21,7.23,10.92,105.25,0.64,370.72,50.9,53.15,10.0,89.95,85,48.24
603233,大参林,线下药店,18.38,20.86,34.95,13.49,9.27,9.31,16.1,3.46,12.89,9.74,65.05,35.6,7.16,11.99,2.78,15.35,4.88,209.32,46.73,49.48,76.68,61.55,62,48.21
688120,华海清科,半导体设备,263.43,1.51,3.42,-99.43,5.63,5.16,11.44,35.58,0.73,0.16,45.07,42.99,21.31,7.12,16.47,114.53,0.11,1307.35,46.76,57.12,10.0,80.73,90,48.15
002463,沪电股份,PCB,123.5,91.41,200.35,-25.98,29.23,27.95,73.72,61.17,11.51,-24.51,52.2,38.72,21.35,16.25,13.21,46.94,0.4,2374.72,50.74,77.73,24.06,63.89,70,48.07
002625,光启技术,航空装备,27.6,4.97,9.43,-81.99,3.19,3.05,-17.35,19.59,1.67,-2.02,17.51,50.1,28.26,3.25,6.05,95.91,0.13,594.66,45.7,46.47,19.08,90.0,88,48.04
600009,上海机场,机场,22.68,15.15,25.37,-33.2,12.16,11.23,16.46,2.35,22.7,15.45,37.33,24.74,20.99,2.82,1.31,24.66,2.34,562.51,39.75,49.26,62.22,88.16,65,48.03
301338,凯格精机,其他专用设备,103.14,3.39,7.42,-96.71,1.37,1.33,104.69,61.53,0.12,0.08,41.05,40.61,18.95,7.99,8.96,59.78,0.37,111.94,45.44,84.64,12.1,84.59,68,48.01
600350,山东高速,高速公路,10.0,9.18,15.38,-8.2,15.78,15.72,-6.98,2.1,35.53,18.2,64.06,33.48,17.2,3.45,1.65,15.66,4.2,483.46,42.12,44.03,74.78,62.5,70,47.98
003816,中国广核,核力发电,4.24,3.23,5.41,-23.82,61.05,55.77,2.66,-2.76,133.32,-134.82,68.25,45.54,29.62,4.93,1.73,21.58,2.03,1667.81,45.37,44.84,66.25,48.48,78,47.93
300285,国瓷材料,电子化学品,67.16,14.47,26.48,-78.45,3.63,3.61,9.36,16.64,4.56,4.56,26.61,37.66,15.37,4.95,9.13,104.4,0.22,572.92,45.09,51.55,11.69,98.45,85,47.86
601088,中国神华,动力煤,46.23,31.47,51.46,-31.93,287.15,268.95,4.1,7.93,546.64,250.85,40.27,35.48,18.76,6.37,2.22,18.58,4.35,7623.81,45.83,48.04,66.1,85.34,58,47.84
000657,中钨高新,钨钼,61.76,54.83,120.17,-11.22,20.76,20.53,280.53,108.51,-12.55,-17.96,60.5,30.38,13.5,18.4,12.48,50.06,0.37,897.65,44.65,100.0,24.26,43.92,68,47.82
003043,华亚智能,半导体设备,65.15,9.72,15.98,-85.08,0.36,0.33,35.88,8.32,0.83,0.52,31.18,28.77,6.62,1.84,4.66,99.28,0.36,61.25,31.87,55.14,22.42,94.07,90,47.8
002237,恒邦股份,黄金,13.88,25.54,62.02,84.01,6.72,3.74,112.6,44.43,-20.36,-28.38,63.6,2.6,1.07,4.89,1.45,19.97,0.97,165.5,7.75,81.77,82.99,40.94,80,47.79
000338,潍柴动力,底盘与发动机系统,27.23,27.68,45.82,1.65,77.01,61.19,36.46,8.85,113.49,88.65,64.49,21.46,7.75,8.01,2.45,18.11,3.27,1349.63,36.19,55.41,72.67,62.09,68,47.72
600362,江西铜业,铜,44.03,39.28,74.46,-10.79,86.32,75.56,106.77,19.53,58.14,35.07,65.48,5.82,3.09,9.85,1.74,13.16,1.36,913.73,23.68,73.76,76.25,61.14,65,47.7
000708,中信特钢,特钢,13.0,17.09,28.64,31.46,29.9,29.4,6.85,-1.91,39.02,35.37,56.76,14.77,5.59,6.74,1.5,10.72,4.97,656.13,30.37,45.99,86.29,69.51,68,47.7
300124,汇川技术,工业控制设备,52.45,6.24,11.94,-88.1,28.1,27.56,-5.35,20.31,19.75,4.96,48.04,29.74,11.35,7.64,3.86,29.06,0.95,1265.23,35.99,49.31,49.32,77.88,80,47.69
600096,云天化,磷肥及磷化工,28.1,27.56,46.18,-1.92,29.34,28.74,6.14,-8.92,29.45,20.6,47.48,20.89,13.73,11.55,2.02,9.62,4.98,512.26,41.05,43.94,78.37,78.42,60,47.66
300184,力源信息,其他电子,12.28,5.0,10.96,-59.28,2.98,3.0,209.5,59.46,1.01,0.95,44.43,10.35,4.63,6.38,3.02,37.72,0.0,128.89,22.08,91.3,43.72,81.35,65,47.58
300034,钢研高纳,航空装备,15.91,9.98,17.45,-37.27,1.03,0.92,61.23,13.04,3.19,2.7,44.49,21.39,7.15,2.67,3.28,100.22,0.23,122.04,29.67,61.99,28.27,81.29,88,47.49
002371,北方华创,半导体设备,686.51,151.5,305.89,-77.93,33.7,33.41,5.05,24.9,37.74,29.43,50.26,40.07,16.01,8.31,12.29,87.65,0.11,4977.79,48.69,52.83,10.0,75.75,90,47.38
688268,华特气体,电子化学品,138.21,21.25,44.9,-84.62,0.93,0.9,19.16,28.95,1.33,0.67,26.27,30.09,10.43,3.5,6.63,117.43,0.36,176.47,33.9,57.03,17.69,98.78,85,47.24
002338,奥普光电,军工电子,42.74,8.79,17.08,-79.43,0.6,0.57,95.5,21.61,-1.84,-2.38,29.23,32.73,18.92,3.11,5.31,93.27,0.16,102.58,30.66,71.84,20.86,73.94,87,47.23
601888,中国中免,旅游服务,52.0,23.08,38.67,-55.62,31.06,30.78,19.49,-1.76,24.8,19.38,25.66,33.9,11.01,5.41,1.88,26.4,1.34,1015.29,37.77,48.81,56.42,99.37,62,47.21
002906,华阳集团,汽车电子电气系统,27.54,31.78,68.19,15.4,4.01,3.46,17.55,30.36,3.52,-3.08,53.21,16.82,5.84,5.62,2.03,17.18,1.82,144.5,18.45,57.06,77.25,62.92,78,47.17
600660,福耀玻璃,车身附件及饰件,53.68,21.65,36.27,-59.67,39.7,38.79,-17.37,2.44,45.51,22.53,48.38,38.84,18.08,10.4,3.67,16.52,4.1,1075.2,50.02,41.84,60.81,77.56,62,47.1
600298,安琪酵母,调味品,39.8,31.92,58.17,-19.8,8.81,7.94,10.21,16.3,2.0,-5.43,48.93,26.8,9.86,7.08,2.77,21.24,1.38,342.54,28.27,51.65,64.86,67.03,78,47.07
601677,明泰铝业,铝,16.91,6.81,13.64,-59.73,14.07,13.57,49.61,24.23,5.81,2.3,31.69,9.75,6.66,6.92,1.03,8.66,1.86,210.24,22.72,62.46,70.0,93.58,60,47.04
002612,朗姿股份,非运动服装,17.1,18.66,32.23,9.12,1.11,1.84,-59.94,12.06,3.31,2.86,58.42,62.16,5.06,3.95,2.69,9.09,7.02,44.69,49.37,35.07,78.97,67.92,60,47.04
300684,中石科技,电子化学品,97.89,6.18,10.48,-93.69,1.38,1.33,13.59,10.66,1.72,0.66,18.59,33.78,16.4,6.66,14.15,82.57,0.75,200.26,41.58,50.87,10.0,100.0,85,46.94
600845,宝信软件,行业应用软件,17.97,12.71,24.08,-29.27,7.07,6.74,-0.81,19.45,17.48,8.97,48.6,29.78,12.99,6.38,4.63,39.53,1.29,383.49,41.62,50.07,42.41,77.34,75,46.87
002920,德赛西威,汽车电子电气系统,84.73,11.5,19.26,-86.43,12.45,12.25,1.81,1.75,10.63,2.81,46.75,19.08,8.2,7.75,3.15,20.43,1.47,505.52,29.45,45.87,58.62,79.12,78,46.77
002273,水晶光电,光学元件,25.47,11.58,20.81,-54.53,5.24,4.69,4.73,15.15,7.21,-1.54,24.16,31.68,14.67,5.13,3.47,29.61,1.18,347.94,33.08,50.13,49.78,90.0,72,46.74
300666,江丰电子,半导体材料,260.44,81.79,176.1,-68.6,5.4,2.06,113.61,30.68,3.29,-3.85,51.7,30.21,17.26,7.41,9.86,91.38,0.14,576.73,34.15,78.28,10.0,64.37,88,46.69
605123,派克新材,航空装备,80.82,62.43,127.37,-22.75,1.99,1.85,13.4,25.82,1.25,-3.34,47.21,20.7,8.89,4.2,2.07,35.5,0.97,97.93,20.23,54.92,53.4,68.68,88,46.65
600352,浙江龙盛,纺织化学品,11.78,13.28,22.96,12.73,10.04,7.43,8.2,12.13,17.99,14.96,58.38,34.88,14.05,3.13,1.19,20.12,3.82,383.24,40.79,50.08,75.4,67.96,58,46.64
002028,思源电气,输变电设备,138.0,72.88,150.77,-47.19,14.64,13.98,13.23,27.05,2.27,-2.31,49.24,30.46,14.3,8.9,6.56,32.52,0.51,842.87,37.61,55.21,40.36,66.73,80,46.57
002167,东方锆业,其他金属,16.25,6.38,10.43,-60.74,0.8,0.8,176.06,7.94,1.9,1.87,20.02,24.79,11.87,4.36,6.87,121.07,0.0,123.86,36.16,77.39,17.11,100.0,65,46.53
601233,桐昆股份,涤纶,23.81,59.37,112.31,149.35,42.22,40.06,285.03,19.36,-7.18,-36.93,64.86,10.04,8.07,9.92,1.33,10.98,0.5,565.41,21.53,80.48,90.0,39.73,58,46.51
300409,道氏技术,电池化学品,17.09,15.67,33.93,-8.31,2.9,2.83,25.92,31.21,-5.84,-9.6,39.46,23.15,6.68,3.59,1.65,23.6,1.44,118.98,19.33,59.13,67.77,64.12,78,46.47
600256,广汇能源,石油贸易,6.72,8.87,14.86,31.99,12.78,13.31,49.81,-9.57,28.14,23.25,51.79,23.93,8.55,5.11,1.72,24.26,0.94,429.54,34.66,53.37,75.08,74.28,58,46.46
600256,广汇能源,石油贸易,6.72,8.87,14.86,31.99,12.78,13.31,49.81,-9.57,28.14,23.25,51.79,23.93,8.55,5.11,1.72,24.26,0.94,429.54,34.66,53.37,75.08,74.28,58,46.46
600583,海油工程,油气工程,6.06,6.67,11.12,10.07,10.91,8.8,-0.64,9.42,15.61,10.79,41.91,14.87,8.99,3.78,0.93,12.9,3.23,267.93,27.74,47.4,81.22,83.77,60,46.33
601138,工业富联,消费电子组件,62.71,71.98,157.78,14.78,237.4,229.84,95.99,54.63,73.91,-17.0,65.66,7.15,4.26,13.51,7.08,26.53,1.04,12444.23,26.54,80.87,56.78,50.97,68,46.3
600309,万华化学,聚氨酯,71.15,14.11,30.57,-80.17,100.63,96.76,64.35,31.26,117.84,10.44,64.27,17.08,9.69,8.86,1.96,13.53,2.9,2227.33,30.0,67.6,67.55,62.3,62,46.3
603596,伯特利,底盘与发动机系统,28.38,15.06,29.22,-46.93,6.41,5.8,22.81,21.46,7.52,3.88,56.75,19.45,10.12,7.61,3.1,17.83,0.9,254.75,32.89,55.81,61.64,69.52,68,46.3
300142,沃森生物,疫苗,13.31,0.19,0.31,-98.57,0.54,0.95,25.56,-27.72,1.74,0.12,30.18,68.79,5.51,0.77,3.05,112.77,0.94,210.01,43.11,43.14,26.28,95.03,78,46.29
603662,柯力传感,仪器仪表,49.05,9.5,18.61,-80.63,1.31,1.36,-24.38,22.27,1.3,0.75,29.83,45.72,20.32,4.55,4.78,46.16,0.74,137.75,47.64,45.65,32.07,95.36,68,46.29
002430,杭氧股份,其他专用设备,25.95,20.18,37.84,-22.24,5.63,5.35,17.55,18.63,11.89,5.99,52.92,21.04,7.1,5.53,2.52,24.58,1.93,253.77,32.09,53.89,62.03,73.2,68,46.26
002320,海峡股份,航运,6.68,11.34,18.87,69.76,1.35,1.32,7.59,4.33,10.7,10.33,35.71,40.26,22.01,3.33,3.68,81.8,0.6,149.42,48.37,47.84,44.77,89.72,60,46.23
600160,巨化股份,氟化工,34.74,23.94,40.11,-31.09,26.5,26.27,29.23,0.07,23.31,-19.35,38.67,34.03,22.32,12.01,4.25,21.4,2.25,937.89,44.43,51.45,58.91,76.88,58,46.21
002130,沃尔核材,其他电子,17.14,13.93,25.9,-18.73,5.67,5.51,1.54,17.94,4.72,-0.48,38.99,29.41,12.72,6.17,2.61,20.82,0.96,197.88,33.32,50.18,65.83,76.57,65,46.15
002389,航天彩虹,航空装备,18.68,2.11,3.54,-88.7,0.75,-1.0,15492.88,9.87,-7.85,-8.63,29.32,19.11,8.22,0.93,2.29,178.98,0.32,183.95,15.15,77.91,28.1,73.85,88,46.14
603799,华友钴业,钴,35.78,110.22,244.3,208.05,35.07,33.11,29.38,49.39,21.48,-78.11,64.28,19.59,9.3,6.89,1.33,9.81,1.4,675.39,23.18,64.8,90.0,52.29,60,46.13
600547,山东黄金,黄金,32.77,11.0,18.43,-66.43,35.43,35.44,26.17,-5.6,77.71,19.01,61.9,24.43,10.7,7.52,4.56,27.6,0.85,1184.45,35.09,49.25,48.93,64.58,80,46.09
601919,中远海控,航运,16.1,14.99,25.11,-6.89,134.19,133.87,-23.48,2.59,233.3,91.94,41.01,18.34,14.03,5.74,1.05,9.19,5.4,2021.6,32.95,40.53,78.62,84.63,60,46.08
600050,中国联通,电信运营服务,4.22,4.14,6.93,-1.9,41.39,35.34,-34.81,0.58,332.79,53.03,43.6,23.82,4.69,2.41,0.77,19.07,1.24,1307.8,29.05,37.5,73.4,82.14,70,46.0
002518,科士达,其他发电设备,39.31,3.89,7.4,-90.1,2.9,2.68,13.61,19.81,1.77,0.67,39.01,29.42,11.32,5.95,4.69,35.45,1.14,222.16,34.12,53.34,41.71,86.55,72,45.98
000157,中联重科,工程机械整机,6.2,4.25,7.07,-31.45,21.02,8.31,-23.97,9.17,24.2,13.09,58.61,26.82,7.87,3.65,0.93,12.78,3.23,438.37,30.4,42.2,73.02,67.73,72,45.95
300580,贝斯特,底盘与发动机系统,18.44,8.14,13.79,-55.86,1.46,1.36,-1.53,10.57,0.97,-0.1,14.22,32.96,18.46,4.36,2.77,33.59,0.92,87.15,36.39,47.52,47.95,90.0,68,45.89
000738,航发控制,航空装备,19.16,4.34,7.28,-77.35,2.17,2.14,-29.69,0.87,5.52,2.34,18.13,24.34,8.05,1.72,2.0,103.77,0.4,251.99,29.75,38.7,28.8,100.0,88,45.85
000895,双汇发展,肉制品,23.29,8.89,14.9,-61.83,23.06,22.86,-0.76,-1.16,16.17,12.63,48.36,19.15,8.3,11.03,3.86,15.86,3.43,806.82,35.42,44.52,60.94,77.57,68,45.79
002472,双环传动,底盘与发动机系统,36.23,9.21,15.03,-74.58,5.87,5.34,1.65,7.8,11.12,2.96,46.29,26.77,13.64,5.65,2.96,24.23,1.1,274.25,35.53,47.47,55.73,79.56,68,45.74
002409,雅克科技,半导体材料,138.83,1.04,1.7,-99.25,5.61,5.3,7.29,5.12,2.55,0.2,33.16,29.87,14.11,7.01,8.26,63.63,0.48,442.21,36.11,47.99,13.78,92.17,88,45.73
688088,虹软科技,新兴软件,29.66,5.01,8.12,-83.11,0.77,0.56,-12.87,7.19,-0.1,-0.26,7.68,89.03,17.53,2.81,4.34,48.17,0.74,118.99,50.66,44.11,31.35,78.0,72,45.7
000425,徐工机械,工程机械整机,7.45,9.69,16.67,30.07,39.62,38.29,-9.09,11.75,41.58,-6.99,63.1,22.12,6.54,6.14,1.35,14.13,3.27,670.36,25.56,46.17,84.14,53.42,72,45.66
000629,钒钛股份,其他金属,2.89,0.9,1.66,-68.86,2.21,2.09,211.1,17.45,2.75,2.59,13.35,11.37,4.96,1.76,2.14,82.01,0.0,268.49,22.33,79.96,28.46,100.0,65,45.61
002156,通富微电,半导体封测,61.38,38.79,76.64,-36.8,17.17,7.47,316.77,23.03,29.33,-22.66,64.14,15.45,11.06,10.19,5.53,38.76,0.13,931.41,26.22,81.47,39.42,52.43,75,45.58
600346,恒力石化,炼油化工,16.42,4.67,7.82,-71.56,72.06,53.36,136.25,-5.45,35.0,13.46,73.11,13.96,7.33,10.02,1.61,10.29,1.77,1155.82,28.98,73.5,69.74,53.81,58,45.58
000725,京东方Ａ,面板,5.92,5.41,9.06,-8.61,52.48,30.08,61.62,1.83,227.45,81.78,52.69,15.03,4.88,3.94,1.65,27.91,0.94,2093.73,26.81,59.05,63.92,73.42,65,45.58
300601,康泰生物,疫苗,12.15,1.1,1.84,-90.95,0.5,0.28,34.25,-8.55,0.25,-1.61,30.64,71.33,3.75,0.52,1.49,163.14,0.51,109.4,36.83,50.23,30.0,84.59,78,45.54
600690,海尔智家,冰洗,20.68,15.23,25.52,-26.35,103.16,92.99,-14.27,-2.8,97.52,53.85,58.52,27.23,7.15,8.62,1.62,10.79,4.29,1277.71,35.53,41.1,74.44,67.82,65,45.52
600522,中天科技,光纤光缆,35.98,29.5,63.8,-18.01,23.87,22.12,52.29,31.1,1.48,-7.95,40.82,16.48,7.87,6.21,3.19,32.99,0.72,1227.98,22.82,64.9,53.87,74.81,70,45.48
002352,顺丰控股,快递,30.78,24.94,40.16,-18.97,55.02,49.75,-4.11,5.89,111.71,50.88,50.08,13.45,3.84,5.35,1.58,14.89,2.85,1477.17,25.48,45.69,73.47,75.92,68,45.47
600188,兖矿能源,动力煤,19.68,11.1,19.41,-43.6,71.5,46.07,47.75,13.01,138.36,30.6,60.93,30.6,13.09,6.64,2.57,18.48,2.64,1173.19,37.76,59.02,63.01,65.51,58,45.41
300143,盈康生命,医院,7.27,8.08,15.51,11.14,0.67,0.64,9.01,20.56,2.86,2.29,38.91,28.35,8.05,2.81,2.97,95.44,0.26,60.5,33.7,52.53,38.7,86.65,72,45.35
688065,凯赛生物,有机化工原料,37.99,8.22,14.49,-78.36,3.73,3.29,20.75,13.73,7.51,1.99,12.29,35.73,19.45,2.1,1.54,43.86,1.18,221.63,39.2,53.27,41.87,100.0,58,45.34
300476,胜宏科技,PCB,227.05,120.45,254.0,-46.95,28.57,24.18,33.3,28.77,29.11,-41.65,39.85,33.22,24.57,7.54,5.89,44.4,0.78,1964.43,39.6,60.09,31.56,75.74,70,45.23
002185,华天科技,半导体封测,18.03,11.13,25.12,-38.27,8.13,2.5,259.15,35.09,10.12,-28.46,51.51,14.34,8.07,4.27,3.15,46.23,0.12,599.68,16.8,84.72,38.26,64.55,75,45.17
600060,海信视像,电视,27.87,16.02,26.84,-42.52,11.95,9.44,13.23,3.71,11.34,8.57,42.11,17.35,5.06,5.4,1.64,14.02,3.37,363.7,26.88,48.91,69.38,83.57,62,45.15
000967,盈峰环境,环保设备,8.26,10.48,20.41,26.88,4.77,4.48,24.71,21.8,14.47,10.02,49.65,22.17,6.15,2.55,1.48,43.07,2.17,277.34,29.31,56.32,58.03,76.34,65,45.15
003031,中瓷电子,其他电子,135.5,7.46,16.35,-94.49,4.03,3.8,41.22,54.76,4.33,0.56,25.49,32.07,19.81,6.33,9.6,89.85,0.46,611.18,40.38,68.85,10.56,99.53,65,45.12
300776,帝尔激光,光伏加工设备,124.65,28.07,47.04,-77.48,3.06,2.71,-6.38,-12.02,3.59,3.28,28.08,45.26,29.71,6.2,7.21,71.34,0.31,223.51,58.04,40.35,16.3,97.04,65,44.95
601898,中煤能源,动力煤,13.86,6.32,10.59,-54.4,81.49,85.44,5.83,-1.76,98.64,30.64,46.54,26.92,13.11,4.9,1.11,10.02,2.89,1268.47,33.62,45.81,70.0,79.32,58,44.86
600320,振华重工,能源及重型设备,4.17,8.23,13.79,97.36,5.03,4.87,45.94,1.33,15.79,13.91,76.67,13.39,3.22,3.08,1.38,24.63,1.92,138.98,24.0,55.47,78.89,50.4,68,44.85
688087,英科再生,固废治理,33.26,20.6,43.47,-38.06,1.54,2.12,5.34,28.83,2.73,0.99,62.41,28.65,7.16,5.21,2.18,21.89,0.66,62.39,32.84,53.96,62.05,64.09,65,44.84
002179,中航光电,军工电子,35.52,12.99,21.77,-63.43,11.19,10.84,-22.13,0.5,2.73,-6.21,37.34,28.77,10.73,4.61,3.07,40.47,1.56,744.65,27.14,40.27,41.18,78.15,87,44.84
601139,深圳燃气,燃气,6.34,4.85,8.13,-23.5,7.78,7.59,22.02,-4.17,14.31,5.72,58.69,15.83,5.63,4.64,1.1,11.78,2.52,182.39,25.69,48.72,75.3,67.66,65,44.74
002768,国恩股份,改性塑料,67.89,25.14,46.8,-62.97,6.55,6.4,89.33,18.05,3.21,3.21,59.48,13.28,6.29,9.2,4.22,25.77,0.5,171.26,28.87,69.53,51.35,66.9,62,44.56
600741,华域汽车,车身附件及饰件,14.88,42.98,72.0,188.84,26.47,23.1,-8.67,-1.43,79.68,55.55,64.1,11.91,3.6,3.98,0.71,6.74,6.72,469.13,24.6,42.71,90.0,62.46,62,44.45
688629,华丰科技,军工电子,133.33,10.31,18.27,-92.27,1.47,1.31,-2.23,14.09,3.76,1.61,41.17,26.4,11.41,5.0,21.24,175.76,0.09,614.64,36.79,48.31,10.0,84.48,87,44.39
300343,联创股份,氟化工,5.5,0.0,0.01,,0.28,0.23,142.36,38.8,0.09,0.0,23.58,14.9,4.78,1.41,2.97,105.45,0.0,58.61,16.46,85.73,32.94,100.0,58,44.36
600089,特变电工,输变电设备,18.13,16.1,29.58,-11.2,25.52,26.73,-19.84,16.97,62.2,-58.79,56.94,18.9,5.31,3.38,1.29,17.21,1.97,916.07,16.24,45.22,73.18,59.34,80,44.36
300179,四方达,磨具磨料,45.34,3.45,8.48,-92.39,0.78,0.7,46.9,43.76,0.63,0.31,40.29,47.63,16.87,6.72,18.96,186.4,0.66,170.32,48.04,67.13,10.0,85.32,62,44.29
002340,格林美,电池化学品,6.23,5.14,8.62,-17.5,10.76,4.79,34.68,2.43,6.08,-13.45,65.94,13.53,6.51,4.97,1.47,17.11,2.03,316.23,16.31,53.29,72.0,50.7,78,44.16
603501,豪威集团,集成电路设计,81.27,23.88,40.01,-70.62,12.2,12.42,-39.85,0.49,4.08,-5.51,34.86,28.78,8.58,3.73,3.16,31.57,0.59,980.98,25.41,36.37,48.79,80.53,82,44.08
300496,中科创达,行业应用软件,55.39,22.15,47.59,-60.01,2.46,2.34,54.97,30.46,-0.64,-5.98,25.81,29.08,6.4,2.33,2.42,47.6,0.33,204.68,20.47,65.32,36.46,77.22,75,43.95
688271,联影医疗,医疗设备,101.0,34.87,64.26,-65.48,8.97,8.27,-10.12,17.22,-2.42,-16.87,36.05,47.18,12.61,4.07,3.78,47.07,0.3,832.4,34.91,47.42,33.67,67.39,80,43.91
002821,凯莱英,医疗研发外包,185.2,43.44,76.04,-76.54,5.2,5.25,-15.71,13.13,8.22,-0.33,14.81,42.27,14.25,2.93,3.77,64.5,0.7,589.07,36.61,45.09,24.55,90.0,75,43.82
688668,鼎通科技,网络接配及塔设,269.6,55.72,120.6,-79.33,1.84,1.75,59.24,31.17,1.75,-0.27,40.26,33.98,18.0,8.15,17.89,121.56,0.26,375.47,40.67,66.45,10.0,75.35,72,43.82
002050,三花智控,家电零部件,35.31,6.87,11.51,-80.54,20.44,21.47,-3.12,3.92,25.0,11.32,36.22,28.06,12.32,6.29,4.57,37.17,1.13,1303.31,36.42,45.37,40.48,89.23,65,43.78
601607,XD上海医,医药流通,15.9,25.08,41.89,57.74,35.04,24.77,-21.4,4.15,44.5,34.09,61.46,11.03,2.94,4.47,0.75,12.36,2.83,443.48,23.02,41.41,89.68,65.0,60,43.69
002493,荣盛石化,涤纶,12.85,2.25,3.76,-82.49,51.11,53.44,748.83,-12.93,212.54,9.2,74.07,15.25,7.16,10.73,2.69,23.96,0.75,1203.04,30.31,71.76,56.62,52.89,58,43.65
002484,江海股份,被动元件,61.48,11.55,21.22,-81.21,3.83,3.72,6.92,16.96,3.95,3.08,26.35,25.18,12.19,5.84,7.98,74.76,0.42,504.42,35.94,51.1,14.45,98.7,72,43.42
300224,正海磁材,磁性材料,11.41,3.97,6.95,-65.21,1.37,1.29,20.91,12.98,1.5,1.26,47.49,12.5,3.96,2.69,2.08,32.08,1.74,105.77,21.87,53.1,50.94,78.41,70,43.39
000060,中金岭南,铅锌,6.19,11.81,26.76,90.79,11.42,11.19,104.35,35.53,-2.98,-10.44,60.36,6.02,2.77,5.64,1.36,19.85,0.89,274.9,11.29,77.55,83.09,44.05,58,43.37
600348,华阳股份,炼焦煤,8.94,7.18,12.02,-19.69,10.62,10.33,35.63,-11.73,6.99,-15.46,52.13,43.1,13.34,2.87,1.17,16.27,2.65,322.51,31.96,49.67,72.31,63.96,55,43.22
000519,中兵红箭,地面兵装,15.39,1.29,3.0,-91.62,0.37,0.4,191.36,38.15,-5.58,-8.97,43.34,18.48,1.07,0.36,2.06,179.18,0.16,214.31,9.87,85.55,28.66,60.39,80,43.17
600104,上汽集团,综合乘用车,11.1,102.29,171.37,821.53,51.52,45.69,-14.38,0.22,543.03,482.06,61.95,11.72,2.7,1.72,0.43,13.81,2.38,1275.98,21.27,41.9,88.41,64.53,60,43.17
002747,埃斯顿,机器人,29.79,4.31,7.21,-85.53,1.61,0.7,2314.24,1.14,0.45,-0.48,68.22,31.81,6.17,4.91,8.8,144.56,0.0,233.66,27.75,75.56,12.48,48.51,85,43.0
600487,亨通光电,光纤光缆,69.49,53.37,115.47,-23.2,31.2,31.51,93.38,31.13,-8.65,-28.33,52.39,16.77,7.77,9.26,5.08,40.94,0.39,1705.04,23.75,73.95,41.3,51.71,70,42.98
603217,元利科技,有机化工原料,27.21,23.0,42.8,-15.47,1.47,1.48,36.66,18.02,-1.07,-1.48,32.31,22.65,11.16,4.2,1.62,24.35,1.1,56.62,22.52,57.93,65.75,70.98,58,42.97
002384,东山精密,PCB,196.15,97.14,212.92,-50.48,29.57,24.8,290.09,63.95,23.84,-28.69,64.51,20.15,10.74,12.14,14.74,100.22,0.0,2719.27,30.6,92.52,10.0,52.07,70,42.96
300699,光威复材,碳纤维,23.55,6.59,11.05,-72.02,1.99,1.84,-26.21,9.83,-1.14,-4.17,40.51,39.53,14.73,3.64,3.58,36.75,2.11,193.91,32.02,41.89,43.23,63.11,78,42.91
300395,菲利华,玻璃制造,93.38,30.24,73.95,-67.62,2.95,2.74,32.95,44.06,1.36,-2.81,20.96,50.11,23.58,5.63,9.37,95.1,0.18,478.36,44.76,64.15,11.11,90.0,58,42.88
600699,均胜电子,汽车电子电气系统,20.14,0.89,1.5,-95.58,7.39,6.55,4.43,-7.43,19.34,0.54,67.0,17.74,3.09,4.46,1.88,22.85,0.89,281.09,20.89,43.97,59.54,59.68,78,42.83
300662,科锐国际,人力资源服务,21.26,23.45,41.92,10.3,1.51,1.21,19.72,14.75,-1.07,-1.27,47.22,5.56,2.01,6.29,1.74,12.36,1.08,41.75,11.4,53.32,81.17,56.67,68,42.82
300759,康龙化成,医疗研发外包,43.3,14.44,26.84,-66.65,7.5,6.93,6.96,17.92,10.85,-2.84,41.1,32.71,9.37,4.59,4.87,46.45,0.46,614.87,29.22,51.37,31.6,74.54,75,42.66
002326,永太科技,氟化工,17.33,11.27,27.66,-34.97,2.74,2.49,365.74,43.57,5.79,1.95,75.23,25.01,7.92,9.26,5.42,94.89,0.0,140.68,36.84,87.01,23.6,51.78,58,42.66
002025,航天电器,军工电子,74.2,8.03,13.74,-89.18,1.28,1.16,47.73,11.41,-0.25,-1.88,33.33,29.17,5.09,1.92,5.05,150.24,0.18,336.77,19.24,58.58,21.48,70.0,87,42.44
601985,中国核电,核力发电,8.94,4.32,7.23,-51.68,36.41,35.94,-35.74,-6.28,191.77,-154.26,70.45,36.47,18.51,3.05,1.55,25.26,2.01,1688.17,32.12,35.44,58.21,46.37,78,42.33
002916,深南电路,PCB,384.5,185.91,435.93,-51.65,22.51,22.39,65.55,46.33,15.02,-31.77,55.67,31.01,14.74,12.48,14.53,62.85,0.62,2556.19,38.59,71.93,10.0,60.56,70,42.29
002741,光华科技,电子化学品,25.38,12.11,26.54,-52.29,0.94,0.92,67.56,75.32,-2.41,-2.55,52.18,13.68,4.23,4.74,5.95,83.8,0.39,109.14,14.74,80.2,19.32,51.91,85,42.29
601126,四方股份,电网自动化,41.0,17.6,30.16,-57.07,5.14,5.0,8.0,11.49,-3.82,-4.79,60.49,32.11,11.47,10.65,7.08,39.39,2.93,338.29,34.95,49.86,32.5,43.93,82,42.2
600105,永鼎股份,光纤光缆,46.47,19.88,45.42,-57.22,5.03,5.04,58.06,47.75,3.46,-1.66,62.43,27.89,15.37,13.82,18.67,162.31,0.11,679.39,41.9,70.67,10.0,54.07,70,42.14
601689,拓普集团,车身附件及饰件,45.0,19.66,32.95,-56.31,10.23,9.08,-21.03,9.78,25.96,12.42,43.05,18.81,7.21,4.22,3.23,31.2,1.09,782.03,30.35,43.01,48.95,82.67,62,42.0
301150,中一科技,锂电池,41.4,29.37,67.84,-29.06,1.67,1.47,987.97,47.15,-0.92,-1.03,54.84,7.68,4.23,4.49,3.61,61.91,0.47,125.79,12.68,87.98,29.12,49.35,75,41.99
603938,三孚股份,其他化学原料,50.33,12.89,27.6,-74.39,1.19,1.15,209.73,30.17,0.14,-0.38,23.48,19.06,9.08,4.55,7.37,119.64,0.04,192.57,22.87,83.4,15.91,90.0,58,41.95
000837,秦川机床,机床制造,9.68,1.52,2.58,-84.3,0.46,0.09,4.83,10.82,0.93,0.55,44.28,17.41,2.51,0.93,2.0,179.97,0.31,97.52,22.88,48.98,28.8,81.49,78,41.93
000400,许继电气,电网自动化,20.37,9.96,16.68,-51.1,4.16,4.03,-34.4,1.21,-3.11,-4.2,48.42,19.9,7.36,3.36,1.68,21.86,1.89,206.77,17.93,37.76,60.89,55.52,82,41.88
603606,东方电缆,线缆部件及其他,35.88,28.73,61.98,-19.93,5.65,5.59,19.41,30.85,-1.57,-4.28,51.56,19.44,9.74,6.68,3.5,21.71,1.3,295.94,23.37,57.6,62.67,52.5,62,41.67
600875,东方电气,其他发电设备,24.42,19.89,33.32,-18.55,27.13,23.66,42.07,1.33,-17.22,-25.95,70.18,15.82,6.97,5.88,1.83,18.22,2.17,552.71,18.77,54.61,70.02,34.63,72,41.66
601808,中海油服,油田服务,12.15,12.47,20.9,2.63,20.09,18.33,2.28,2.0,-14.23,-35.62,42.98,18.54,8.97,4.25,1.23,14.92,2.33,359.7,19.3,46.04,77.96,60.74,60,41.55
600143,金发科技,改性塑料,13.17,11.94,19.49,-9.34,6.85,6.15,17.02,7.85,21.68,12.07,67.48,13.12,1.55,3.49,1.79,28.18,2.27,347.01,23.36,50.86,63.2,59.22,62,41.37
601633,长城汽车,综合乘用车,14.05,16.91,28.63,20.36,24.65,16.1,-61.11,10.58,104.36,44.25,62.0,18.37,2.41,2.82,1.38,20.11,2.48,872.96,25.57,34.41,76.93,64.48,60,41.29
002311,海大集团,水产饲料,41.98,36.6,60.87,-12.82,16.11,13.06,-38.95,9.19,39.24,22.31,54.62,9.34,2.69,6.79,2.91,21.39,2.96,694.94,26.2,38.91,65.79,71.56,60,41.28
002041,登海种业,种子,10.29,2.19,4.52,-78.72,0.5,0.3,41.02,26.96,-0.46,-0.85,15.79,30.36,8.94,1.35,2.44,85.38,0.0,90.55,21.43,61.3,27.74,78.0,70,41.28
600028,中国石化,炼油化工,5.16,0.51,0.86,-90.12,256.27,252.73,19.29,1.95,624.99,24.19,54.27,19.24,2.09,3.04,0.74,17.34,4.21,4883.85,19.42,49.77,65.3,71.9,58,41.07
600516,方大炭素,冶钢辅料,5.6,1.34,2.46,-76.07,1.71,0.1,213.47,16.58,0.29,-4.81,16.47,12.11,8.4,1.03,1.36,107.64,0.71,225.45,12.04,79.73,30.0,90.0,58,41.07
603296,华勤技术,消费电子组件,80.35,57.43,98.64,-28.53,30.0,16.76,58.8,11.65,6.43,-12.04,76.08,8.13,3.23,9.34,3.79,23.58,1.07,641.67,19.41,61.08,58.61,40.96,68,40.96
000810,创维数字,其他黑色家电,9.7,5.95,12.88,-38.66,1.62,1.36,202.45,31.16,-22.39,-24.11,56.04,15.14,2.93,2.46,1.7,38.69,0.82,108.46,11.92,83.66,48.3,48.2,62,40.87
600596,新安股份,有机硅,11.99,4.82,7.7,-59.8,2.54,2.11,268.03,6.26,1.54,-0.66,38.8,14.37,3.15,2.02,1.29,48.74,0.83,161.82,14.4,76.94,37.67,76.75,58,40.87
603236,移远通信,通信终端及配件,72.54,63.95,139.89,-11.84,6.02,5.82,27.84,32.16,-3.78,-8.3,66.35,18.71,3.91,8.18,3.97,30.37,1.02,294.05,21.06,59.81,55.54,38.3,70,40.85
301312,智立方,其他自动化设备,87.37,13.17,30.53,-84.93,0.46,0.39,8.07,37.73,-0.42,-0.54,22.28,31.38,10.79,3.74,11.97,186.75,0.25,74.07,25.9,56.96,10.0,78.0,78,40.81
301526,国际复材,玻纤制造,31.18,5.69,10.79,-81.75,6.4,5.76,176.56,19.52,5.93,-1.67,62.08,27.59,13.32,7.31,13.43,172.69,0.06,437.89,33.13,80.52,10.0,54.4,65,40.76
000969,安泰科技,其他金属新材料,17.26,11.45,26.97,-33.66,2.44,2.34,30.12,39.34,-2.17,-3.27,45.87,16.69,5.33,4.18,3.1,43.04,1.16,179.64,16.16,62.25,42.11,57.96,72,40.74
601117,中国化学,化学工程,7.19,12.57,21.05,74.83,31.45,31.05,1.41,1.05,0.8,-5.36,69.3,10.0,3.71,4.47,0.62,6.77,3.0,437.73,16.12,45.59,90.0,47.47,58,40.72
601179,中国西电,输变电设备,12.23,3.56,5.84,-70.89,6.88,7.36,15.03,8.07,-2.97,-7.95,45.62,24.54,7.19,2.94,2.68,46.11,0.89,626.9,19.52,50.49,37.15,58.2,80,40.7
002475,立讯精密,消费电子组件,54.1,50.96,121.05,-5.8,78.43,59.62,18.04,40.16,-24.46,-127.15,67.44,11.78,4.89,8.38,4.25,23.52,0.74,3964.2,18.6,59.81,62.1,37.26,68,40.7
603688,石英股份,非金属材料,49.66,4.29,6.89,-91.36,0.91,0.5,-14.47,6.0,0.27,-1.2,5.58,36.75,16.5,1.55,4.59,195.11,0.17,269.0,29.26,43.44,22.58,90.0,70,40.63
600206,有研新材,半导体材料,51.6,13.03,28.56,-74.75,1.83,1.43,40.89,50.35,-9.5,-10.0,32.72,7.42,2.88,4.2,10.02,137.37,0.27,436.82,10.3,67.59,10.0,70.59,88,40.63
000778,新兴铸管,其他钢材,3.61,0.34,0.64,-90.58,3.72,3.04,-8.0,19.17,5.57,0.4,42.65,6.15,1.88,1.42,0.55,15.64,2.08,140.55,11.2,48.42,66.8,83.06,58,40.47
688676,金盘科技,输变电设备,65.36,19.25,33.52,-70.55,3.03,2.87,14.23,12.73,-0.24,-1.53,58.36,27.41,8.43,5.72,5.89,43.1,1.38,300.52,26.74,51.57,32.1,45.97,80,40.44
301076,新瀚新材,其他化学制品,20.94,1.07,1.74,-94.89,0.37,0.31,3.76,5.32,0.31,0.1,6.3,27.57,14.95,3.06,3.94,70.33,0.37,31.9,32.18,47.26,24.14,100.0,58,40.44
002318,久立特材,特钢,18.26,9.8,16.42,-46.33,3.93,1.57,-52.55,-36.38,0.65,-3.24,37.7,21.23,10.14,4.9,2.22,16.61,5.46,174.2,22.07,23.62,64.95,77.81,68,40.3
603881,数据港,云基础设施服务,24.18,6.54,10.95,-72.95,0.86,0.73,1.09,-3.57,4.36,2.31,53.94,29.29,10.98,2.54,6.16,149.25,0.2,208.44,35.58,44.28,18.82,72.22,72,40.21
000062,深圳华强,其他电子,23.09,22.52,49.36,-2.47,3.91,4.0,66.13,60.65,-7.98,-8.4,61.42,7.71,2.55,5.67,3.5,39.03,2.6,241.24,12.0,75.92,50.92,43.04,65,40.18
002202,金风科技,风电整机,18.2,16.04,29.94,-11.87,18.55,20.22,24.67,18.23,-15.78,-52.73,71.81,16.76,5.82,4.18,1.95,24.47,1.09,612.16,16.48,55.35,65.57,33.06,70,40.06
300602,飞荣达,消费电子组件,39.08,17.31,36.45,-55.71,2.53,2.6,52.09,28.64,1.85,-0.77,55.23,21.66,6.74,5.84,5.25,50.81,0.15,156.78,24.33,64.19,26.85,60.98,68,40.05
002299,圣农发展,肉鸡养殖,15.97,1.4,2.72,-91.23,5.02,5.24,-44.8,21.73,9.14,0.49,51.91,13.12,4.73,4.37,1.73,20.41,3.12,194.61,19.71,41.01,62.05,74.17,60,39.98
002402,和而泰,其他电子,18.99,1.24,2.06,-93.47,2.4,2.03,-32.23,4.31,2.21,0.47,49.91,19.68,4.85,3.31,2.42,31.91,1.05,155.43,22.23,39.07,50.27,76.09,65,39.85
600893,航发动力,航空装备,39.19,3.14,7.23,-91.99,1.46,2.02,59.32,47.21,-74.61,-88.89,61.04,9.05,0.79,0.36,2.6,151.67,0.18,1044.46,5.22,70.8,27.36,43.4,88,39.75
603686,福龙马,环保设备,15.47,6.37,10.37,-58.82,1.01,0.92,7.27,7.63,0.75,-0.19,47.52,24.26,4.88,2.89,1.84,39.67,0.73,64.27,21.62,48.66,44.83,68.38,65,39.67
600141,兴发集团,磷肥及磷化工,29.33,23.37,44.22,-20.32,8.36,8.71,14.97,19.37,-7.33,-22.84,51.17,16.46,5.73,3.35,1.41,21.92,2.39,350.83,15.29,53.52,67.21,52.88,60,39.57
600584,长电科技,半导体封测,73.0,11.75,19.29,-83.9,8.45,8.08,79.41,4.96,29.64,-17.36,46.22,15.15,4.21,2.92,4.51,67.37,0.21,1306.27,13.24,63.81,22.78,69.63,75,39.5
002886,沃特股份,改性塑料,26.4,4.55,8.47,-82.77,0.27,0.2,48.99,18.03,0.74,0.37,48.11,16.84,2.81,1.46,3.75,94.65,0.28,55.2,23.45,60.65,24.6,77.81,62,39.38
000795,英洛华,磁性材料,8.17,4.55,9.48,-44.31,1.29,1.04,-10.45,27.63,-1.1,-2.33,43.55,19.69,6.01,4.88,3.45,38.82,2.07,91.2,18.84,50.16,42.86,60.19,70,39.31
603019,中科曙光,其他IT设备,84.3,26.16,54.47,-68.97,9.71,8.44,33.31,27.62,-1.87,-10.83,45.36,27.23,12.45,4.21,5.35,50.99,0.53,1233.35,25.49,59.79,26.45,58.45,68,39.29
002353,杰瑞股份,能源及重型设备,125.9,32.83,55.77,-73.92,11.96,11.4,-3.65,10.81,-7.48,-11.72,38.9,30.97,15.88,5.14,5.54,48.92,0.67,870.06,30.43,47.12,27.81,64.66,68,39.18
002541,鸿路钢构,钢结构,18.61,17.32,29.24,-6.93,4.38,4.05,52.2,10.35,-2.06,-9.37,65.68,11.51,3.76,4.28,1.29,16.49,1.49,95.03,12.87,59.28,74.66,38.95,58,39.15
605376,博迁新材,镍,139.12,31.19,68.36,-77.58,1.36,1.29,28.5,71.6,-0.5,-2.49,33.95,28.57,15.24,7.46,19.95,146.0,0.07,363.94,31.69,70.6,10.0,69.41,58,38.89
002281,光迅科技,网络接配及塔设,195.4,26.88,54.99,-86.24,5.82,5.68,56.34,26.07,-12.36,-18.37,37.02,25.53,8.67,4.03,11.19,139.92,0.19,1535.9,22.19,64.43,10.0,66.46,72,38.71
000970,中科三环,磁性材料,11.44,1.48,2.94,-87.06,0.49,0.32,11.86,23.67,0.32,-0.33,26.3,12.47,1.96,0.75,2.13,144.07,0.22,139.08,8.77,54.0,28.49,88.75,70,38.67
601727,上海电气,其他发电设备,6.5,2.7,4.95,-58.46,9.7,5.5,18.18,16.71,32.59,11.75,75.74,18.27,2.65,1.75,1.82,74.52,0.22,820.02,24.39,53.51,29.23,51.29,72,38.63
002241,歌尔股份,消费电子组件,23.33,10.62,17.07,-54.48,14.66,11.16,3.46,6.65,-2.45,-47.33,60.23,14.52,3.72,3.86,2.18,20.77,1.47,735.25,13.77,47.56,60.65,44.18,68,38.27
000021,深科技,消费电子组件,36.95,8.9,14.36,-75.91,5.43,5.04,20.28,6.96,1.18,-4.28,49.07,18.88,8.04,4.08,4.37,47.4,0.6,585.5,18.77,51.34,31.96,66.89,68,38.19
000988,华工科技,激光设备,107.8,28.77,48.2,-73.31,11.86,7.47,30.17,2.53,-11.98,-17.64,51.43,20.59,15.28,9.92,9.06,62.09,0.23,1083.37,30.87,52.32,11.86,52.63,75,38.16
002938,鹏鼎控股,PCB,89.88,13.84,22.63,-84.6,12.84,8.92,4.11,5.14,31.83,-32.18,35.34,23.98,7.33,3.73,6.06,54.98,1.11,2076.97,20.29,47.29,21.23,80.07,70,38.15
300070,碧水源,水治理,3.36,0.21,0.34,-93.75,0.3,0.12,128.49,-4.56,0.27,-7.77,62.78,25.44,2.68,0.11,0.44,61.37,0.12,116.85,13.85,72.04,30.0,53.73,65,38.11
601231,环旭电子,消费电子组件,26.99,8.39,14.06,-68.91,8.22,7.89,28.85,0.45,-4.65,-11.25,45.04,8.83,3.01,3.67,2.88,31.65,1.58,644.77,10.41,51.47,49.4,58.76,68,38.08
000803,山高环能,固废治理,7.23,3.41,5.7,-52.84,0.65,0.61,60.47,2.62,0.85,-0.13,70.59,29.15,8.85,4.3,2.23,61.49,0.0,33.61,27.95,59.01,28.25,46.23,65,38.05
002594,比亚迪,电动乘用车,84.3,35.37,59.26,-58.04,123.25,123.73,-20.54,-7.13,373.35,-73.68,70.96,18.85,3.58,4.73,3.2,26.11,0.42,2939.6,18.0,38.56,53.5,45.88,72,37.81
002922,伊戈尔,输变电设备,23.52,7.13,11.8,-69.69,1.12,0.99,6.91,8.79,-0.23,-4.43,62.77,19.75,4.31,2.98,2.64,47.91,1.27,89.88,15.56,48.89,35.66,41.74,80,37.74
002457,青龙管业,管材,11.4,1.06,1.78,-90.7,0.15,0.13,7.65,1.94,-3.7,-4.72,42.47,27.98,1.95,0.6,1.51,29.1,1.39,38.02,15.2,47.21,54.93,61.23,60,37.69
002015,协鑫能科,电能综合服务,15.92,8.23,13.8,-48.3,5.48,5.15,5.53,-9.82,13.26,-4.53,63.56,31.56,14.56,4.43,2.09,59.7,0.61,258.43,29.07,43.57,28.92,52.98,68,37.31
688639,华恒生物,食品助剂,17.04,11.06,18.49,-35.09,1.01,0.96,-12.22,9.61,0.74,-2.02,56.32,23.59,5.37,3.73,1.57,36.0,0.94,42.62,18.93,44.91,51.69,59.93,58,37.09
300829,金丹科技,食品助剂,21.43,5.57,8.9,-74.01,0.52,0.37,-45.77,6.31,1.67,0.49,34.82,17.58,6.17,2.13,2.0,68.74,0.46,36.03,25.08,36.63,28.8,90.57,58,36.98
002846,英联股份,金属包装,11.85,8.27,16.04,-30.21,0.32,0.27,28.5,21.47,2.22,1.0,61.88,12.51,2.31,2.23,3.47,117.19,0.21,32.16,22.02,57.07,29.23,64.6,58,36.95
600580,卧龙电驱,电机制造,27.27,0.14,0.23,-99.49,3.52,3.02,-34.55,-7.02,4.23,0.09,54.69,23.32,4.73,3.23,3.91,45.29,0.66,424.77,22.77,35.5,34.92,71.5,65,36.79
300785,值得买,电商服务,34.05,1.16,1.87,-96.59,0.09,0.06,-28.9,6.43,-0.68,-1.16,23.04,43.62,1.92,0.47,3.5,81.73,0.55,44.3,22.47,40.38,25.2,78.0,65,36.78
300999,金龙鱼,粮油加工,25.0,10.81,17.29,-56.76,22.94,14.81,30.69,6.2,10.01,-10.9,56.24,6.31,1.94,2.35,1.39,36.72,0.92,135.66,8.94,53.43,48.25,60.01,62,36.72
300316,晶盛机电,光伏加工设备,42.72,20.36,34.11,-52.34,2.32,1.02,-63.66,-40.47,13.66,10.93,36.45,30.42,5.33,1.35,3.26,117.04,0.49,526.12,31.3,20.07,25.78,89.01,65,36.67
002171,楚江新材,铜,10.74,9.24,21.77,-13.97,3.04,2.73,21.01,39.35,-19.83,-22.29,61.16,3.53,0.75,3.39,1.94,39.99,0.74,173.48,6.2,60.25,51.52,43.29,65,36.63
600577,精达股份,线缆部件及其他,8.72,5.9,12.48,-32.34,3.25,3.19,6.02,29.06,-0.7,-1.09,61.12,5.6,2.23,5.11,2.98,31.51,1.01,194.61,12.93,54.17,52.81,43.32,62,36.62
603308,应流股份,机械基础件,43.41,13.09,28.66,-69.85,2.21,2.15,17.52,32.23,-1.45,-6.54,60.39,34.03,10.95,4.18,5.68,82.86,0.34,316.21,27.79,57.56,19.97,44.03,66,36.62
002080,中材科技,玻纤制造,60.22,25.35,49.46,-57.9,12.08,10.95,20.93,21.95,-2.0,-22.62,58.21,21.29,8.93,5.92,4.95,49.86,0.72,1010.57,22.59,55.53,28.4,46.12,65,36.39
301529,福赛科技,车身附件及饰件,127.11,14.89,24.94,-88.29,0.72,0.62,14.19,0.36,0.67,-0.07,38.41,27.0,8.71,4.95,10.35,106.2,0.06,80.8,28.24,48.22,10.0,77.13,62,36.33
603985,恒润股份,风电零部件,17.0,3.78,6.33,-77.76,0.68,0.73,70.15,-9.81,-2.01,-2.27,45.07,13.75,4.07,2.05,2.26,67.12,0.35,74.95,11.44,57.78,28.18,58.73,68,36.3
688102,斯瑞新材,铜,31.5,6.22,14.83,-80.25,0.96,0.88,28.53,40.6,-0.7,-2.99,43.0,23.57,9.38,4.65,11.91,145.65,0.25,245.32,22.42,62.24,10.0,60.72,65,36.29
603650,彤程新材,橡胶助剂,73.55,25.61,54.2,-65.18,3.89,3.61,10.86,29.1,0.42,-2.16,54.71,23.05,18.21,9.26,10.79,75.44,0.68,453.1,34.48,55.25,10.0,61.48,58,36.28
002601,龙佰集团,钛白粉,15.29,4.64,7.61,-69.65,8.44,7.72,-39.08,8.15,18.5,4.16,55.55,20.05,6.74,3.7,1.6,51.85,0.65,302.71,25.78,38.6,34.69,70.67,58,36.25
002364,中恒电气,其他发电设备,36.16,5.03,12.13,-86.09,0.55,0.5,15.81,41.67,-2.69,-2.8,47.97,21.51,4.07,2.22,8.24,152.22,0.28,201.83,15.35,59.73,13.82,55.95,72,36.0
600138,中青旅,休闲综合,7.05,4.73,8.03,-32.91,0.22,0.31,-66.9,10.68,1.5,1.22,50.39,18.46,0.93,0.35,0.81,131.56,0.51,51.03,21.76,33.17,33.42,75.63,62,35.76
600515,海南机场,机场,2.75,0.43,0.93,-84.36,1.19,0.35,-6.95,30.36,2.83,-1.43,55.31,22.9,3.43,0.49,1.3,149.84,0.18,252.34,13.55,51.67,30.0,60.9,65,35.6
688122,西部超导,钛,50.04,12.96,21.72,-74.1,3.45,1.56,-36.77,-4.07,-1.34,-2.36,51.78,30.09,15.42,4.78,4.5,50.92,1.2,325.09,30.0,35.81,28.55,52.29,65,35.52
600339,中油工程,油气工程,3.3,17.86,28.76,441.21,3.65,3.51,-22.27,5.9,40.24,39.29,79.18,7.98,0.96,1.35,0.68,73.25,0.39,184.24,17.99,41.69,50.0,47.99,60,35.38
601399,国机重装,能源及重型设备,3.2,0.88,1.48,-72.5,2.61,2.35,8.12,1.92,-10.28,-15.83,53.63,15.47,3.86,1.74,1.54,47.78,0.0,230.83,11.77,47.3,38.42,50.52,68,35.33
601669,中国电建,基建工程,4.61,5.41,9.06,17.35,38.21,36.13,-29.56,-1.07,-460.21,-608.06,80.61,11.02,1.74,2.3,0.54,9.45,2.29,602.6,9.05,38.21,83.47,24.61,60,35.28
600456,宝钛股份,钛,25.25,7.44,12.46,-70.53,1.46,1.22,-29.1,1.17,-1.79,-3.26,57.11,18.69,6.2,2.02,1.68,35.37,1.19,120.64,15.03,38.91,49.0,47.17,65,35.2
603009,北特科技,底盘与发动机系统,49.29,4.85,7.96,-90.16,0.63,0.59,14.78,8.2,0.62,-0.93,48.27,20.16,5.44,3.09,8.38,133.73,0.28,170.74,16.57,50.47,13.49,67.66,68,35.08
688333,铂力特,其他通用设备,107.27,5.76,10.39,-94.63,0.51,0.16,-32.99,15.46,-1.74,-7.47,43.03,39.04,6.64,0.97,5.61,164.74,0.1,294.27,23.73,41.92,20.14,60.69,66,35.04
002009,天奇股份,其他专用设备,15.58,3.58,6.6,-77.02,0.45,0.14,-19.32,17.17,0.82,-0.01,63.71,19.79,2.86,2.18,3.04,142.76,0.32,55.19,18.42,45.39,26.3,52.84,68,34.97
603505,金石资源,氟化工,15.42,4.18,7.01,-72.89,0.9,0.98,-28.87,9.8,3.15,1.28,69.44,14.49,6.09,4.78,6.89,44.86,0.78,129.79,28.28,41.29,28.15,57.34,58,34.92
600552,凯盛科技,面板,17.87,1.95,3.39,-89.09,0.63,0.43,22.71,12.54,1.66,-0.07,63.16,17.75,2.11,1.46,3.9,120.26,0.28,168.8,15.59,53.38,24.24,53.37,65,34.73
600760,中航沈飞,航空装备,43.9,4.07,6.82,-90.73,4.73,4.02,-58.37,-57.68,5.72,-3.06,63.11,10.59,7.56,2.02,5.32,43.6,0.92,1242.17,12.92,16.59,33.02,53.41,88,34.72
300136,信维通信,消费电子组件,59.51,4.2,6.96,-92.94,1.51,1.41,-6.99,8.88,4.4,-1.35,46.15,19.99,3.73,1.88,7.19,82.57,0.08,490.96,14.01,45.86,16.34,69.7,68,34.43
002837,英维克,其他专用设备,63.28,4.63,8.54,-92.68,1.85,1.75,-14.32,17.24,0.62,-1.57,58.21,24.93,6.52,5.16,22.54,164.58,0.21,718.19,21.97,46.5,10.0,58.12,68,34.14
600498,烽火通信,系统设备,43.99,4.03,6.9,-90.84,1.93,1.88,-32.72,11.33,5.09,-1.39,61.28,21.4,1.5,1.1,3.39,174.66,0.22,559.39,12.88,40.86,25.46,55.17,70,33.66
601868,中国能建,基建工程,2.43,1.45,2.42,-40.33,22.79,18.32,-18.67,-1.78,-235.44,-390.27,77.86,11.27,1.91,1.81,0.91,20.22,1.28,788.02,8.68,40.41,64.7,27.25,60,33.18
600895,张江高科,产业地产,28.56,5.71,9.43,-80.01,3.29,3.26,-10.76,8.61,-11.23,-15.86,66.33,28.51,13.1,1.92,3.23,46.74,0.67,442.31,23.74,44.96,35.28,38.32,55,32.95
300058,蓝色光标,互联网广告,13.15,1.52,2.45,-88.44,2.11,1.93,119.28,6.8,-0.56,-0.58,72.96,2.93,0.61,2.65,5.93,138.98,0.08,457.35,8.09,73.08,19.37,31.96,60,32.26
601611,中国核建,基建工程,10.42,4.51,7.55,-56.72,5.57,4.77,-30.2,-17.79,-138.88,-142.8,78.87,9.74,2.28,1.66,1.39,29.13,0.58,314.04,7.99,33.55,54.93,26.28,60,30.49
300115,长盈精密,消费电子组件,24.48,0.48,0.96,-98.04,0.18,0.14,-94.2,24.18,-2.03,-17.16,67.89,16.88,0.27,0.22,4.01,107.72,0.49,332.29,8.46,30.8,23.98,36.83,68,28.65
